Rainfall_mm,Soil_Quality,Fertilizer_kg,Crop_Yield
243.87393790901953,5.311242630781604,18.733220065893256,140.66902490209003
282.58285829911375,3.715818015252077,63.55087997665609,226.00234017018388
139.70715172859587,5.210491054345682,99.87885267479899,240.83220135241018
251.39606228590688,2.8866689915621158,95.00220575303865,257.66922099171364
174.60188567830122,9.325779692375265,10.240389403089697,136.68617603827138
149.1446403278943,1.485753692958217,81.58404801973236,180.74759068221582
284.6054630246924,8.788753317665083,41.82447486128373,235.39954855416312
177.60117217975787,5.602229098600159,15.728623330116468,128.2616596392631
166.85262506436624,6.570518465249355,36.638489234458724,165.02839189245748
218.10860049058576,3.723450588178334,38.95628646816661,167.9467291641276
115.3085502545711,9.700278551148891,57.091981537815116,188.5116255415834
131.19821769707895,3.5366586266754085,69.49753905419692,165.6783631967317
283.01145905965564,6.299901974262739,77.41500509875672,255.91249697641544
219.6324613592356,9.94075034596416,32.131273830694,199.21845297511635
256.6592869427514,8.929849567451011,38.959351322364725,221.34940907074235
117.7779404838574,5.826968427574955,37.75435361737617,121.40689276029124
185.94754748246802,9.913370706704908,42.64631813087888,190.4127104014682
292.84906674737454,7.312328755593532,99.96906780607048,299.34543418117096
129.6759747570544,2.878303745276284,80.01489725446832,179.31393981725705
90.11911907926047,4.650365893922258,97.74914187418274,208.77158686614408
177.721502056166,4.010440006103959,72.37999535923515,211.12042321549302
146.95527218121904,4.096123374440703,46.56436314825559,153.62589519991644
89.8943081966784,7.844107954238797,45.07697652642774,139.5986033403166
272.13784567584196,6.258366345455142,53.97230304775406,226.25403636859522
297.68097763844446,1.3428344043057567,47.518280502799364,193.4642220952966
192.14554517249945,8.897036352858784,84.54936214834711,252.2885860631204
243.6691920933635,3.671165264321481,51.85018117240236,207.56343192211366
264.7595923865749,9.973673892218294,36.605292418976134,189.90854845117738
225.24550150545673,9.587716573013072,79.73742418269866,265.6154427266964
61.0390122779328,9.464776450137688,86.89783684432551,186.69569321264512
89.40855792920445,8.300148436575764,47.83860605264063,161.30535153896616
67.74729778784662,2.985519985151883,70.10277147149787,140.81042014941627
52.46990166051414,5.793694696259038,15.292408049947428,60.718332444357145
126.49910218930914,3.0187236414247716,57.651836677432,159.12370636988297
148.08899012038995,3.337079100300543,14.048302397095725,100.63514577672638
110.25743308398143,6.498565924926496,12.627175644502127,85.54469729536167
66.15116202158023,1.3675019081775703,65.16323654704652,118.5128315984058
182.46577270916939,9.725127101386368,37.30018441554884,175.68740633901004
118.32982998928541,9.26805855320168,76.82834462099188,196.87387219149844
249.00928871589056,4.426908149419479,90.6474304569333,247.0946721896173
52.0131554063203,5.638802032062218,22.545205635731563,83.9732886806509
260.6317628219026,5.195074773409831,75.20705547210315,233.37994586141397
288.6884197364892,8.93979800755723,56.30679984595089,248.8999506015736
229.0337657883924,7.197416886845,20.090732514642898,172.63812548038106
233.41101631564163,3.503001226819208,68.64333458326522,212.3588603862447
283.3905779006833,5.021571290187672,64.85201227958255,237.04361665044135
102.26782132508728,4.860693781180874,56.40776806607043,170.0032168633998
298.64139205214417,9.634016514555267,93.38240841036922,295.82424083541434
243.37030084463547,2.577798194631757,56.89717264936149,207.49522223686262
231.64267708194842,1.8061870356498613,99.14636039051913,261.1161225759322
140.27264474882318,8.925569489455212,55.83059324632999,193.02596860803817
186.44437135140265,9.070173905552839,20.426683447123082,163.48612174633618
213.47944706833675,8.845651791209482,52.34241259675274,210.9394063380974
205.08571532930398,5.598792240630007,26.409588629956414,143.8133353238136
226.2461596193952,6.937699854425144,63.74201366956845,231.74571653644216
70.59543476960266,6.070267428048854,72.38189576742411,178.49077681635046
138.91210820792418,1.6250304344896083,52.15917508363843,152.98189709600823
158.5000041488693,6.362514072106502,18.79326709148334,123.8474934804976
115.15732446874162,1.122527325304908,52.177725872519765,122.78021008666757
93.15681756730594,3.9248866860137754,17.330879326096035,84.79710198725142
84.7318699782157,9.390633182858503,71.39133599558807,197.35521807463923
141.59584806414628,3.736407426722268,81.13314023785787,207.26360461465632
173.36042514064147,9.45843978379823,96.61422945043351,257.26095188015205
65.74411003666518,3.251205614343198,23.392189641561078,80.79568550999758
286.6145236476374,3.8310601641537922,57.917830197997375,207.59007253196043
241.31083071518958,6.655667467946982,61.07836307818768,231.26971527315078
232.71294329636663,7.8546427551036535,93.02288804028818,264.05963558724653
93.21513124718174,5.512489912043956,66.45489765368629,172.38340213533738
200.95019200304725,8.9390411847474,23.095868108078896,148.22603911317262
182.43123670216687,1.3621637944955731,49.27161915668703,164.00490145271525
295.6172114466734,9.299753547709335,68.92862756556255,271.3569455657876
236.91794252003947,2.7667701990586724,73.02559888623676,210.32584937649483
193.9404709290578,8.958148705761904,87.67665987315162,260.7954855209653
262.70316661753054,4.607768615377425,26.245640785995743,161.58495398483967
88.77356771517736,8.494813502839339,95.63879320799485,228.9372347867112
53.8041324227443,7.044989948233256,15.322547081403304,76.98930857856175
222.5583333536308,2.583474692304359,98.53859211120118,232.53812371347925
74.57786505930937,9.262428128933037,87.19903835797676,197.11768180054472
78.8584099958773,3.209656514396137,69.42455044859541,147.42432515635187
236.17018160613264,3.1972610682549916,76.14959502379794,238.36066075691073
117.63371103349728,8.327610069736425,16.542280532691677,122.5163918664108
207.15780389222323,1.9528593001526893,13.733187660500715,129.46581367162523
279.35173152318714,2.998323157334143,19.158921689622897,172.0070430906785
129.11863290946457,5.533098160789561,17.8623833197724,100.75901090148308
104.2860394599797,8.47429325817962,59.26431101224916,171.09747999567546
76.64072093526293,2.3273557726354075,29.389958840061023,82.26520625406836
82.61559035493153,5.929014110611117,87.41850734860539,187.10396166492552
65.55567384471068,7.401165326226455,50.1173760761265,119.9892131898417
71.91059470743502,8.745357022443562,72.59594288124474,181.2374601368905
158.00114720228848,9.420090041819977,68.75857836731439,200.58312070387575
130.21626125599244,8.061759230220392,38.786773503673906,150.2337420936665
226.6402035807495,6.875455583998017,31.885081617315613,194.01868987389315
267.56041456175046,4.902580767814893,40.82106567669717,187.67521721551333
246.19330078559608,2.008991387695777,81.69925364648537,233.01889777872606
182.65931416641305,7.387634732729691,62.764916357765664,213.215757724955
75.61052905816335,9.934635740279383,32.81847962672578,131.94802268441
227.44182098538838,7.630845352588899,83.60617987543871,257.4650668496809
140.7071811817184,1.1503998436395366,14.928344749927605,80.80336447889566
71.41259847885254,5.466339802376549,72.92650374912658,162.9677142765013
260.6166018031564,6.531819692346135,49.519072517437976,201.58424273727192
134.5541292956264,7.207067809925587,75.81613474592994,212.0416429756675
104.56220812789283,7.477532520406378,93.4715152219084,202.00490211991067
267.8630161547108,6.022975970948716,77.50306881522135,263.22557292328196
275.53346711175124,3.0102429946081624,49.77688197802441,185.8929409373255
134.74270929788997,9.47980595328892,23.587811336249267,146.303903230741
138.70035482034336,7.269998208972957,82.57158782248904,212.14933944461387
194.90713189578602,3.1315603318246854,51.46349742292344,158.49721367049221
233.36037345266453,3.900896490432456,16.77810911114168,143.808781950737
65.78730047671587,9.297349035673328,74.71498579991794,194.16181941968765
198.33591429711794,8.987366680366023,36.26667693249307,174.29042803838155
288.20501544589536,4.6463179452228065,14.399940655466672,167.3196123744615
115.52347429498842,1.344764997923059,91.247591347667,166.95375678241763
277.20680352423346,1.4364763200454438,53.47909828845191,185.07778754513248
287.5420851907734,3.555264618265501,35.28649478557194,198.64698865068206
117.28841024277243,6.662099974050995,74.47479020964204,189.70135653984784
238.55046647133764,6.257751718011057,89.73121399143074,242.68363290124796
109.69375207989,6.704450082495485,10.027636753037994,85.45254456957049
234.40279043303318,7.45554674738896,71.90669665379383,229.66489016559805
249.35499282220647,1.1712902823346458,79.03105246165792,222.48540991831345
111.80142592766236,1.9457703565519857,28.89346845515437,94.08211499847997
228.96738589580875,4.235351066444913,54.066144826915696,195.65224422030323
253.02613471602245,2.393739977694236,18.035730902614223,139.53808961267578
139.64471802672796,1.6778803829009874,77.20748942638129,193.65591581513823
91.92569399743174,6.768679563975987,86.27104167070172,204.2657239221019
72.99114182937839,8.338028297419893,19.73679915921945,105.06851306961586
193.8454259024855,7.773639916908542,83.48142280895512,253.2800753979148
294.5245298289283,8.353358007482612,79.44131534360803,274.85088748010065
255.73758000555404,6.992708896520895,41.22219883338076,186.4731003013124
158.9599097336382,7.61810789632782,72.12605769402249,221.9332931624506
184.15522571373964,3.446008967874712,10.004331150488056,107.25704933168262
119.88197135295474,9.937072326557479,93.86178890193987,239.8243456058684
90.7664668400159,2.648490890444984,59.53449117775356,132.51747873955927
170.52028955806833,2.9304448695044423,65.83049776557995,175.4375334880837
165.8753915417963,3.6002964863426214,69.81934721851889,197.54788326391838
180.48248820094005,9.77799187095921,60.523211549653006,221.71432994102767
288.2011463909852,9.894597304185154,87.10874987855168,303.25480395261394
200.97382503619306,8.154043747358479,64.87316489363896,226.39911214618283
201.44295915559346,6.661518387036703,91.69839921164254,257.1226697874823
82.00619071526918,5.68056317666152,62.4098460010608,156.13528847178804
299.1222165442051,9.73558761118161,25.401017978250994,204.6745547977568
243.21123605866714,7.260605225724228,92.22063002553726,284.0217040898094
269.30083602350123,9.502571154934271,71.34647485237991,258.5156937577374
153.57510295774853,3.848957195298615,72.93150949920005,193.77188354720005
175.53202394640624,4.003973130426091,98.69335755144415,230.2325815783167
180.5209522905691,8.69252134706592,16.767689878862125,134.22953210134594
98.5236348224013,2.3486942852676496,48.57333463856542,121.65138163457462
222.3722890817393,9.513350751664682,31.518585368795367,175.75416367694058
275.74418090436416,5.567269191970667,66.73838182422915,246.22010931272575
90.92645453460474,9.33772490725328,82.61305153732647,193.4984411406477
71.57956837154113,4.031135098532317,96.96796380031714,195.23174477556447
234.55472638508556,7.443630137254573,50.913649625924805,208.73559664761612
118.30045791824551,5.345876097754207,80.75964075783438,177.08102900962402
205.96563540433235,6.641232672209258,92.53464328363415,249.98414424299438
223.93958449804518,5.5393524382523704,71.49928892822962,227.07852476330578
130.47769089545545,9.704040556342253,31.845929720479408,152.76745365355325
253.7861493564461,7.228948580325255,64.70687359970123,232.67644095775486
187.49724552855423,3.261870717636839,97.29568430354679,244.02066029973324
267.2498519879507,9.18709229714576,98.87984459754088,300.06200660485996
240.82338813973686,3.646267643395939,67.81238413451004,216.4157987953901
267.1439080093635,4.344445893707706,89.82889820847903,265.839678674868
55.04034552947352,1.9191132821819203,28.031442746374253,82.92886502960208
110.87656518464868,9.099698678165717,32.14707444569951,131.312551109082
72.50198511148466,3.575008209050767,95.75988515963738,185.64744410412078
160.5207542973373,3.330258561382441,22.171183794532713,107.42740530035404
272.49003040382956,9.282363381954585,27.199579428413106,192.8852210525051
166.8850655667173,8.2497417616453,47.84937392080465,194.03913849691804
262.42826114509853,2.2697102936743696,63.06258589780153,216.64098796641179
131.79455950482946,7.923920535133126,64.34354970714445,177.54185358662565
134.89251820131312,9.217297882484116,36.2778407799008,148.4557882069103
273.89043258171944,1.7066009638966952,92.85525081553133,261.0997263182323
156.4542866279254,8.426934954141156,92.35899168470765,234.1897991396097
247.44137194866659,5.926780466857504,45.28612477471352,189.28623786767685
109.16088697047533,7.022777044409206,49.08625924872674,165.85722554506776
287.20020741940886,5.435689050144433,73.22474051415206,245.76188270498193
193.64456163264276,7.280227764147508,69.66963067590106,227.91007764794014
239.83089214460048,1.3068807550007788,44.40673134648661,181.6300895478834
72.37892494872138,7.864360509009553,47.281982636890305,131.86172556818212
173.16605645763218,1.3000932807306258,41.323504907938506,128.85252078304234
275.2596244335058,5.097698629726091,31.18465062579771,179.60799799591769
269.25965726082615,2.358684938172654,51.23245266317257,185.45968938321633
61.70348930855688,8.412168496161765,71.77907187122864,175.62118479610197
125.92461728223668,3.822948182581017,76.77700347828637,182.59357392469548
160.83000161977003,5.0868419014389925,80.09862834303664,213.51995282852096
93.06620358894705,4.858756671684804,43.72588121078093,141.07852117250246
232.4995777474926,7.952517691162359,78.81723948564763,259.1631285909835
96.12799889967789,5.3302992381637795,10.586468412268776,85.87479612321678
136.65992359247156,8.100625015093115,52.9344943945194,154.9083519745541
215.82015921445455,1.6615744912240773,81.45139601194218,221.24678998083925
170.52233613111997,2.724345711126956,66.7040248577218,199.11297690171097
234.64275965872346,5.963808246817246,52.66568117390569,172.56944169529896
290.3019753057149,9.523794922774256,68.01778059457143,272.66026105777064
79.13667192879937,1.6728206204960228,91.62514028337975,175.86289655150483
227.39192909951524,1.3877579454117788,60.974362054918664,180.85915441901355
107.58603890802863,2.408956074350701,81.98075723140956,186.06161762119882
153.6191818518923,6.7703781597414086,98.26684527026778,259.796890450939
58.215681448784956,4.590936250032224,73.501138186801,164.24496839825417
83.97684557317473,8.429971414759176,61.59931875001572,164.4276539154741
129.94432226222492,1.6473983633322922,13.373735241280624,70.8406253393908
135.49645132199623,2.7677267813323096,43.70301084291288,135.0380070377248
274.89630411552395,3.700237649184061,60.88984601636065,228.52617184048674
235.45322731662878,6.640570780199067,81.74859145354293,246.13650174562397
293.04574204676027,7.166554212713925,49.429431068281865,224.29138456818856
199.76787758381013,2.1178296456739645,96.40524481882962,263.3241689885223
110.4284330228295,9.494242380925655,34.46143773613074,154.12126117755346
131.9137574804107,4.069397216711883,77.01104756892848,200.13034721305274
129.95898082299178,7.418518867002548,47.71282753757148,146.04256890997854
131.6235819158129,5.717869470529289,53.73896451093153,154.7753400924343
218.2410432779539,3.0048230219239596,82.22518304788963,226.40512338717818
182.70198202260406,8.616054908038699,36.6593735486535,161.13875209336388
146.3560445216611,8.364142253727369,18.71308509356288,144.43672970653853
87.27244218217915,4.564646685250211,56.823002615208445,157.06983728784184
55.534790735536475,6.297468271244699,57.591515062337386,134.75307687010363
104.70866939692314,3.3204312634234574,81.74509950028363,198.94245939238684
76.86785099217032,7.208664658716713,97.14872856088915,212.471035564586
246.36125771305984,3.781241313583883,14.977061769551355,165.81019948136085
78.12448945347134,8.596708609440114,63.252052636879796,170.55827908915916
231.05705932670904,2.9564659384954686,71.315067728332,219.9396825189432
146.41467244402065,1.1332308053661773,98.72212156736695,226.31423976718517
68.344597435944,3.416572377711266,94.83311928492205,199.44671328839507
253.18251235789646,2.7194723781353805,74.12056882407798,231.1585407313114
194.90764255915335,5.574577957524318,56.96104701200193,189.8661141348475
108.94037821589326,2.8333296249091866,24.537153006933515,99.68985592123471
273.670293583167,7.868708836475452,44.57588996839757,207.51365484947928
61.314578467637865,3.1723357420360356,62.66100925514389,135.90036116859233
100.45490204944073,7.362713619213901,75.26803569361783,178.8045071312926
238.01173195146526,6.206238307123517,67.1859601731201,209.20600817508083
227.3444825774723,9.876248708246958,74.27105216449671,252.2298824603632
122.31792343111951,9.999108793083085,48.62372540967079,184.48108035908612
65.50621883819578,8.82573474985597,75.48645615139081,192.81889192760497
264.51951805623594,7.83985032368876,22.93671304177473,178.5930054463442
128.42440951747565,4.478107726005163,24.63276805868022,128.17935150679136
98.92835373206631,7.779490544181732,24.654893124651654,109.76051999224693
179.01545559024427,9.610079833715416,90.17784613321984,235.7450239865243
277.55679982061184,1.2103981785589975,16.843065697777106,120.51829642569578
60.88664446084384,5.841232301779649,82.13575354601282,164.95254020629784
241.45102200772195,2.9619847394959113,31.021380824206343,166.08865116950017
193.11830698467722,6.020886842819654,52.15869464457256,179.24177214015413
156.36227913795423,5.198023807830021,92.43609359191102,231.79875750077136
236.020111026265,6.18191723397056,62.7343506718756,235.88199042401197
291.4561061104081,5.958659992768518,28.910591760912276,178.74066042359618
107.30155279067276,9.640963352517058,35.56810542869264,149.26259333985226
85.9118412680299,5.969674980412624,92.84019615062071,208.86303636176336
278.2204363056743,8.616088793123804,48.44295325989805,218.42566849300476
217.23826936432593,3.8783825812076187,62.82869347061105,214.0723701101359
159.4965053904915,4.94290619911944,51.39389769628499,162.72690914072655
193.31489256607077,5.2337212844032885,44.05942792436046,165.74617552585534
236.40347629406102,3.5085523900184175,30.095121423916172,178.3629667877705
243.2579746764293,4.418112353301597,71.75723504361419,232.25727162616818
279.97354520474113,6.386617715200977,74.64178236449084,265.13808570149257
156.71069722390567,6.221689869740791,34.739658244665954,159.45114492048356
123.35272750484876,6.7279181011613245,81.01097587493473,197.99240532555604
209.91606669746048,4.16636123878127,86.90816802715116,247.65869588415407
153.93197481988258,3.8424834563775137,92.86075866156673,215.05740405221403
198.6496134872445,6.5045609447874675,24.509117252653294,143.30009210443208
154.99644961398755,2.1957557358477247,37.35313152519397,126.28705608954324
88.24894666954361,3.27728389178926,87.4318012753326,176.6130516903131
167.3566879147396,1.379149632576957,27.86861825451046,123.86291503711794
222.7294554852582,1.653497673364721,10.312161331914583,115.49961911024931
249.82095191691246,3.19044951334548,88.37445792264711,243.5300710712919
173.3315691991367,1.1757635226722711,39.38044975762324,141.02717026099913
91.30947255260023,3.2086953287871536,47.304777262505496,120.77260718487065
153.6719274123579,6.894786907558235,50.17006231485742,167.91709527137368
246.57348221042457,1.5499637062203973,86.34471406005056,236.38312135436308
153.21481765426822,4.9306301001517685,40.41029301341143,151.18912063924546
224.1326984010556,9.217979082275946,90.30518972708336,275.0992358562012
176.80342041952244,8.121563460328609,65.52452242432432,205.98347728341022
110.30578127734918,3.748937520653715,57.455805163031584,157.52181993314966
249.03762700576857,9.323249312724823,39.30530564147162,202.96531431734243
71.05336351767176,3.9668184707295238,31.934052665306723,89.60667187258922
181.22257068878764,1.6526394670380624,66.16525984996139,165.31989889797396
102.22275856085123,9.946503610913021,50.22047440509185,175.7841178965336
66.76640713534391,8.830202744702547,91.94644089388056,208.9011386804112
175.7334842708122,5.193395049709831,54.24748445026448,179.74031921737588
174.8905389837309,6.997388717731635,56.061542503107205,199.4935020938065
226.72522541893022,7.041052700710031,47.50509530224007,192.37893430850417
236.18767326297623,2.750340076574143,81.03366972921565,216.0332817971434
231.9478721732242,2.800437698382691,48.23552782983434,179.83243612810685
152.38968322918876,5.226226330166432,34.24077997747794,141.52779042952753
207.92244680664064,9.204158261239282,87.58277868641588,257.9354473968728
194.23631066099009,1.089943973727137,63.71453992287162,193.45342979810084
155.3904390292299,8.042550723544235,63.23591977921016,172.3611432210148
199.3031735464983,1.5177410534318874,64.97399864475338,195.97153903188664
286.81196917656564,5.3039990339480605,74.69557733851,261.19968535177384
98.22343592034434,6.740855497661288,38.17611903813102,134.8255381906453
276.4430239463816,7.1808334037421835,13.045993374970255,132.69135116502798
63.36387849579959,1.5263133725432025,82.95338447893087,170.24608281213483
127.09730322541516,4.767432556455714,21.60145484934737,96.81392524010684
122.03631215288206,6.254535344520922,74.96377634894897,187.45594632334704
206.59127697022643,1.5944098357540624,17.408376845859586,115.01519858774958
82.80623794432259,2.215851009357788,43.77770578256429,113.94248924488417
270.58690295993847,6.972840905536346,15.672346284838442,173.00176556084025
257.1378521162603,5.694743769315865,56.999231166495214,225.75611198601922
213.01645492131945,2.456457951414615,68.78221955034175,208.82073615189864
164.60345794804942,5.817154032232601,25.428982706036948,135.59989944156945
283.2390105355196,9.214231360999742,43.44648565945619,228.69571609896673
257.68663868013897,1.1402882629782753,93.72155419387482,238.4508909195368
174.8287870203112,6.783703961372692,49.81502053967111,171.06229735630438
225.4683386135778,1.6628539114480774,82.2289212078901,230.79958905125497
191.73248804492113,1.0580449866823076,93.44662705541882,230.52525560179504
196.98555959706613,2.3558903979457044,97.69112424795578,244.34835636493287
132.74401735936783,4.806159686685273,90.84898177222324,208.2577104189431
165.5211511562242,8.221095990837576,38.56647962430722,174.26858117257532
69.53035769743605,3.5360694694410277,96.63155975450736,178.82738553313703
139.33717291614812,6.631058911498828,83.11557175714422,224.33711945829245
223.957128840538,4.70040974159776,85.3458025275539,238.49489602307594
288.30400762654654,3.1089861276940716,11.36556857546513,164.756590615693
290.76602819075504,5.628224028545728,95.88149769864643,273.0553570463455
188.9307172812229,8.177180413353609,80.02812014638667,254.13440965802246
201.6555629523955,8.492431330505298,79.117074685711,238.1853505704166
96.43029637524188,8.61867578689513,17.337225783572762,103.8765435998141
223.82702702338267,4.047020312994815,30.931168696599812,158.11105360908283
67.66469816859656,8.141104582441777,96.60354986241092,205.70593784525693
121.17142144986113,2.9096060959801706,55.06093673249287,144.88471414556153
217.09083682136057,7.64582591118595,45.807221641353046,186.40003409379503
127.57753288587233,9.53545983645355,85.59467354322223,220.08968734165813
62.46171852861358,1.1236945122186146,17.86063727025499,62.26297538092671
257.9676023377409,4.963275380609183,47.52478146439534,190.27493508170016
127.58250178364077,6.829938895726041,43.81306969798752,143.220357389013
65.7763062146696,7.3159819343879775,41.486624832735345,111.39245690944666
68.6970411257163,2.5847898244228196,37.69230192877658,91.9019116659521
112.93969969718842,9.749649477147335,28.906746111107022,150.4002667285118
94.50398680538157,6.537388311738757,25.561972269147,100.37215828353722
243.5750294450377,2.47906541105441,67.63655052277068,203.96383196557073
130.4210116667586,1.1847026054126375,92.74553570878106,199.14944072175356
251.17394625995814,8.049377789107982,55.79664807248933,220.7034752202619
93.4614994557882,1.7173426550091317,36.817709711197985,123.47942195765442
173.21979488602096,2.2694582896321287,24.32441779500037,115.49655644830703
222.0092833882822,6.1734702417012155,84.71290285473349,250.0926023080929
212.99771346646372,6.431549531046578,97.43428508258924,272.9459485136955
200.28235248256718,7.1819840673315865,41.42398613210666,187.4046191864733
281.20540048279247,4.541626113972587,36.1855382996916,191.80147402809115
107.1312869266861,7.9650880207014065,64.13436576774473,177.26822865893854
173.42980111552635,9.769227396542998,79.77960828580832,258.1277552214306
270.9981375181022,3.4398544877189474,50.98625231946979,201.08030317189764
69.47344139878926,7.327257548841513,66.70658348748543,160.06863849066661
63.97206706326881,9.356217871556412,74.48941612209627,177.64555048329385
108.32557188957284,7.176580863553384,96.45330590705613,206.6250599071127
208.25530488450462,7.1299854877983355,24.853359746807506,164.44824653537643
114.96990661245172,3.0139531217668596,99.76442444428325,187.2236809492316
97.55997095219973,5.8161718028772365,45.29409897171059,135.98876744378276
164.70057883957304,6.062705592441222,75.08801284538984,206.77717242340626
203.39951719235287,7.301166062103575,61.517294017569746,232.54123013612812
112.13942675418511,9.971393049065643,53.80017553079561,157.09648695605938
125.17279668093552,1.3027944028938587,72.82678318584279,156.8122325957641
203.38982620287848,1.5870939514073816,45.61784652012356,156.35720543155716
286.4346054973632,1.7015506248782688,21.349898320312576,153.13114942911378
218.68543185952205,7.686812210400611,54.00040448091158,201.4133946090788
245.72603589614,2.2271841559968175,56.972428361408674,194.07509858653142
141.7025236888672,6.602066870413107,28.17119380599453,119.3525072479068
118.06358984611651,3.922019901041126,94.20574206957914,211.71607733797035
163.56693580065564,5.1158796058963985,30.472808198166213,113.5005312262178
251.78320717791843,2.940968438356725,46.83048346756879,185.40615670553163
164.07491044763896,8.794959051740879,23.943671816025095,139.5167002191619
261.68135219746523,6.275352917467237,58.22169815682497,233.54473212912612
297.19299517378175,9.501069372240273,37.68738472900807,240.46673273055924
68.00666643258408,6.171366247338966,54.03452679784756,135.80076631899624
61.352539020925924,2.1151722753725197,30.215522481238175,94.34741999850453
87.39742572834047,2.5378339045462788,14.839761515384417,66.7466192808401
146.09241893358654,9.901665787310625,80.13039859740297,218.4796291748013
82.7605522863581,7.53008677597781,67.69776555636926,189.7603394508424
267.66611940468897,1.443508750261807,40.66654201399116,180.49156898151142
55.78656275676595,7.334029045311983,14.274480221409,80.44087588747794
128.9481790839556,4.709557421286505,87.90175564274088,213.85146695511256
96.17365737355134,3.7648754814087146,25.281550444211142,97.9583163740825
282.88483253938307,2.3865471435748082,93.76679964532852,265.04467412220487
217.370251222507,8.559135591009092,53.07358407363626,196.08980628142268
278.0075641128436,1.5745724109019061,40.63480389176354,177.32272616567963
293.0821775775984,3.608519161416763,76.75835292018675,256.645550452988
174.27456091934232,3.7574460444313393,88.91554654676672,220.6426601531756
108.57977701200656,2.448147555671503,43.36422072811396,129.74223728663495
98.43219654914732,5.5736639495818325,46.66093769531685,141.06915514921127
105.72971542146013,1.1053236412980336,48.98423974124776,112.5135008060918
227.14832690550074,3.708779638693682,93.00907553308022,235.7251226769678
60.11143203075018,9.402664996297576,72.33075923628994,177.98225164892116
62.84026825817872,3.7947661240780515,32.28815053410899,87.29987924377936
202.03573559578751,4.244134483960765,26.64997277517815,145.3731439171029
210.51428668435165,5.258485434106644,30.733089708233447,149.41639981899675
216.315731080615,6.055240373663272,33.720750026696564,161.22969608305846
142.97012614714782,8.278377803386697,30.716514220060137,155.18540798183193
251.4862221785383,2.7128910084041586,69.26558024731565,219.53934397068858
183.4061469316544,8.845717394733015,20.43401595917557,141.21479903081726
76.36640750235486,7.817944214295005,44.86226407371647,137.10609827034185
249.2748267668363,7.503853011953997,66.25482156733298,250.4005405475208
288.2669465676146,1.7812411634317171,36.177397654863775,181.41694780924732
65.00907825058967,1.1947662097712621,15.874694623149223,61.71901237806731
147.83783467514496,6.346114308172756,17.364153056137148,109.38958962985305
171.8790112086869,8.76820566270845,21.33700986742177,154.86234136949568
86.61769001957924,6.259973177265723,85.22587223813397,216.9667728559993
266.9272369457193,2.9191137890097774,69.20771550444728,217.263360554879
121.03741122251101,1.814679081542919,15.807016998788031,69.37994565118116
245.75213498454002,7.296368075359615,45.196199123627785,204.33241549440723
217.748620507079,7.495932495860286,35.072665556235904,185.94315951493098
199.51145561675585,2.552785306183978,62.02361004659202,184.69002712700765
98.03571217413861,1.2537128394688266,57.05253547050821,120.52958831233525
105.17588013772642,4.674551619008773,53.30116210327434,144.30901168724205
61.83710118664233,6.244468319197199,38.30611333353518,119.39727479872023
110.17810744556658,7.354021686104721,22.401979483959167,110.37400236522839
136.36090236512854,8.289505082376126,76.81387445853741,217.28524822328737
258.28632596560635,6.494836845760591,89.1871091958389,281.21648626120293
141.59816667870132,1.9979254773863653,94.97358183095356,211.4915730625472
238.6554456914016,7.143235049281733,15.275707355222242,153.81243684301975
159.8605703238719,9.85758978605394,76.59178404299946,236.4132923765805
246.2170779984721,9.150261261376635,75.38531134662662,248.7550962518396
294.06790010926,8.845020183425614,95.23986527310304,295.1649605335574
109.96038951439503,3.719531380225068,32.76231350479889,109.05956011479184
265.58540299096904,7.757093588086006,76.79611344656408,255.2950047585191
205.45602157644367,8.659931013686311,14.91636598898361,139.82319292957968
254.3235653971637,7.104935841681368,66.81211486854572,255.77696242007863
212.8964755669513,3.2550558091118247,41.576304164696175,185.51825761432684
155.98737681853754,9.584505746874624,79.20184955927276,225.58320337814143
107.01873486044758,5.057374703128083,87.69738577918541,200.5576356260812
67.50880633279125,2.1682500279929147,42.83389379957646,100.21718517180786
183.87959111517924,1.988001055516528,57.30274834293705,180.5209566392415
297.58152363171644,6.827670885691412,20.56636561272399,197.0769679186301
234.51045125355157,4.939386817750652,47.52162687011289,172.01091690844677
131.83638534975415,1.8503548766106725,42.47203539332523,130.45448961359912
256.8012000216838,7.663281149404852,26.481111380606595,167.6903394149962
242.24600004410163,8.193926505327578,90.50307622900982,291.2053684665461
120.4089483383642,7.528740677078062,23.32790542361442,125.20162115826162
53.576872448558674,2.820347899156116,67.21654217771685,128.12380635815293
79.5406596334874,7.207979103964624,90.11283791318989,200.6122023636244
269.32654757801436,1.0965052260494659,92.07717218769031,248.43913086032697
259.14075882621796,3.746009257105683,81.39157298565115,249.72483872335047
123.8022502195906,4.589393782667893,25.852702048675894,121.66604811596434
121.2988565711051,8.517222539969513,83.56882682924827,204.9768226524449
248.21624677561778,4.513549357624639,34.89083311740622,192.5780401836008
284.4343674738555,1.1014250157045846,93.0158224689258,274.86150684966225
244.78431419939997,4.171117706452085,73.81780132814646,220.74278052832966
201.39466925769037,5.490316885233585,80.67408049079978,229.74859080906683
110.66783758295114,9.54104308005496,17.65292081517435,135.55981709735994
181.43697852381516,9.469308734105903,62.448860209919,225.92381126170892
108.37796464831615,2.627866343992704,83.90279142088116,178.97727441013276
252.0028550241934,2.666318875655064,87.54313174952493,253.5908321579188
146.74026987943432,2.4704331081809543,12.576853426027736,119.88553654891149
258.4243042485066,8.10029739172693,94.52433092996073,286.7093048714905
145.40230449568134,1.0541983633156573,13.900485997223175,77.9561600962854
256.03735129997284,2.144594783726896,65.30668117073648,212.82213471564233
133.32945379131047,5.841636684796891,72.40487748537808,193.61280212354896
160.03317615441745,3.22805860198089,19.661076205111883,104.39981038933828
203.87210483566437,1.8312081241533589,14.321067904827341,116.60273509041573
67.57190350747967,4.238902111004509,80.64209390056563,156.64240221158786
287.0517654538661,3.467868445542203,44.62035623176906,192.43524408682424
193.4014465309508,5.599938758628561,19.64012637836113,142.4029097346128
176.95500367270057,9.813102344471762,78.64010347488778,220.25895988834822
259.848492779978,2.118741731334266,86.42467631292585,253.20179615799907
266.4406824742069,4.354540343506849,62.86475716829266,202.52629680259895
180.565101132254,9.387865160852272,24.511312759118105,138.61908960707697
281.8155814484093,8.891857391444404,11.370022434234173,169.25076575737816
66.18444151912016,4.548439313058525,73.07222331717495,161.6929465768966
78.30644806280438,7.290579380677628,59.51257073427851,170.29696826120153
199.19705750361004,1.79071312223211,68.57174275480716,192.06623037641126
138.51646544839593,7.412869499892536,83.18662031796362,214.78532808000656
166.0562915472997,9.755719565362673,49.08049992936749,194.61767681963255
132.01980447429162,5.837393375507724,21.206392195025835,105.09548875511467
151.1813278612339,5.486412043309729,94.59849568517438,231.19648648226786
255.66158678657487,2.685867577317193,59.07359145221716,192.30989719998803
198.36904996357617,6.704093790165627,65.37647071796863,211.75870018196568
299.33613732087457,6.3139355270102335,94.0070286596576,291.01631229439334
246.71979945524075,6.8673975352817545,93.84252906792366,265.7460218458964
118.41656352545667,1.2347495801624964,61.48851460553562,147.42355158467598
116.08627943167406,5.938511395141663,36.785028224928354,132.89010761736688
133.97456752925177,6.354413591476357,99.74022706114653,246.72677568419363
260.8148701619357,2.8677712187152196,71.27353809581824,209.51877727144986
56.8219126626414,2.8749957173968244,46.759300920285085,106.48220595549788
107.54531971781444,3.4859635165985483,60.38531225682308,143.42328985831836
276.2296050860667,7.405494325545138,47.42506452412267,227.35453103009934
209.974109020813,6.456394571791345,89.94746370669827,258.73193267925063
106.7117738752641,8.611863815060241,53.424943737917154,170.9602426829688
104.78624205814509,3.6609271465878837,84.11755383831225,179.3571307329712
265.65452543985765,9.208612538994865,85.61586680407035,289.58337890642383
273.4393770692616,7.693355457850226,84.18991039617235,258.82608442378097
114.03277274052883,4.555105030123273,74.9969751228107,163.53098989511622
155.12758951913307,1.8573585906291032,86.93899451268237,188.98761053080307
258.6489346570793,3.3128529623873426,44.85066216606723,186.96508382060023
242.75185965247135,9.610913954933652,20.319688552776434,182.38649047470437
253.47902664152113,3.793270382956714,85.8208783935263,219.32895542158622
179.5995476969922,3.96910864134158,54.835157411861076,187.16552672209428
277.88726207629327,2.706300379879453,21.46384292750659,158.1932930829588
131.4878859886088,8.261655410248888,20.378126996380715,108.7928984653613
89.16803358687952,3.4807980721804963,24.331815460890343,90.57839668988562
227.1830831412162,3.972324235319701,77.58759337003953,238.04149863492847
184.8386040017241,4.72913297588464,73.9771006119653,214.54116755112338
263.6464422023703,4.903554517971488,28.343681216639492,183.48260192130445
70.28981228117874,4.702067113735195,86.22310762988157,167.29845563199873
260.9231008595167,5.5336932583725575,35.31653159754204,180.8724516805985
123.32366330220555,8.330615916547629,81.36870249834527,203.78867634590296
213.71391679204575,8.373565366678198,53.99253169614477,225.51799314486965
60.03219726956395,8.184818203870122,75.83938142847094,185.08967050474888
202.39532407590016,1.9101235520483875,44.32488967662093,185.46617779510981
229.31792229683398,8.197109229473327,41.24265373852984,189.9006003397227
142.18755362640508,2.082265961379191,85.72236390633991,188.62315500014478
103.85267631553506,2.1225139304703218,13.177202906266269,70.49117815201353
184.40766915088625,9.530764944714647,97.72632525317566,281.7899524779167
258.2977011089116,8.374580602349873,68.33616024388361,244.03502692738596
130.8868395741627,5.9716942018120776,48.92350493794979,156.84284022471962
113.11732438031989,8.87473184030076,66.52490780353827,190.37485768780738
119.73382715942192,9.904281782966766,21.046685181308455,129.37993516258717
287.2830382291661,6.495778599685998,56.264720976419284,225.2652051501006
139.8192289411399,6.516085932833662,98.65859710058179,235.12310621239328
50.90105997207179,7.789843262439351,31.174249406203614,104.26998839681731
245.4203019899049,3.089250571287995,75.00502891327145,226.04627042556262
224.81869883384755,2.504123753669194,49.14742382485306,185.60440222069164
82.14206615074222,7.836226750135653,68.72123336391581,192.7260906030938
296.2260622837281,4.104143154946921,28.43985058225979,173.26656893491847
202.0155713262778,2.215633206753406,52.34184843558422,166.47723096977734
175.19487273515037,3.833899533259748,98.20834424733476,228.30984414729917
145.55481690572276,4.2277318108711786,27.57584359144086,122.59536657602902
274.6681888909095,9.687048935551216,67.28005250638813,253.8391044185923
110.99087035464082,7.281637399791309,61.803797389011585,175.90819956175014
121.44222505497547,5.7777068565976055,60.854642766136294,179.78365755863052
80.60270167164173,9.719858248143444,65.36109606864554,153.62369915429613
239.77977389606502,9.128257664267625,55.20141763194053,229.2731232236818
198.88732010146333,5.608007709527437,11.52376752318922,120.27874738402755
202.26654231362457,9.151116718392826,91.0087130316806,267.77949274477874
104.6176077548659,4.638741922563909,84.42809447356278,182.71820004760806
212.79209728177096,3.0737859882096217,25.675091282900922,150.96101566117665
241.364611811716,3.094103591398766,47.194585964098216,191.9410478082304
139.47213268142232,6.96083971997914,79.34940826242111,215.30068555152275
250.33678599042807,5.509632886365494,98.2056083848556,282.9235485833831
137.19764713300523,6.930557623049021,95.60233417976077,225.47914356636662
239.53461537732193,7.1746836783595285,90.94232797085567,261.90451895211703
58.43252686442975,1.2009058560794585,24.253650756922568,73.28237816972783
187.79115036841316,1.486356331131121,92.30275954081044,213.3250896865504
292.38164015997165,5.794099539321249,89.06004216559715,293.9695674755715
295.31115017059767,2.7193192998406923,43.925492004975055,194.37338386209478
120.43814458543515,6.692803919239957,45.50703350826358,154.91877159137545
160.34977277008886,5.969671652535832,51.39180297596447,192.0684670272123
65.74447699665826,6.271843225338021,69.05580678697753,154.17848356513892
268.3353269011499,3.722098418479096,33.47520543847142,176.8450485190104
192.14303828505354,6.75859155650107,12.065358649595021,139.29004271729238
146.27516973512925,8.465433728365207,22.7106572137518,144.41599624527075
78.19263962228827,9.982641282330134,49.61043168190963,152.32775668103685
286.6918213742223,8.545999475549928,35.380231248358164,205.30976842475727
182.55476195524844,6.017488837119527,78.80649049325187,218.9877253821243
120.73198227072596,2.740866325119609,19.602106349434422,105.8788617195537
137.5537825328774,7.133012885078388,92.57187029993234,226.75332432484194
117.67429523053691,9.438884070021803,90.579446194952,230.91446465958643
200.45245221424517,2.9067988575907218,91.78811352399593,228.1292807504113
282.4908939451275,3.303960584739194,76.5648998742994,251.41899596115596
264.1734508316411,2.3410768907048602,19.629997433523936,148.3750113123032
165.09521885649437,7.630494792637615,49.432381423261006,168.30479553309505
256.62484057525194,4.659053530812933,21.826483462491737,148.9966879375531
155.77637031908245,1.5642607499774566,98.89292734849744,198.48518723471136
113.0767851896595,8.874549923412522,39.973458105880596,141.25043676049114
295.85377881660696,6.0190471423231,62.67974877010558,250.39582842973837
125.97189199270547,3.979848628003202,80.14537488197996,203.7436676401908
130.9310577467271,4.095846784549872,92.8554475803081,218.99041202407415
297.42321694663053,3.612260981718161,77.9992953257224,259.57585668223345
83.48187329141372,5.099321551533777,70.70534008896138,163.68210671238995
240.13349700242378,4.033375196393305,51.93836038343362,201.87696090722636
283.95318962068166,5.931516736635484,64.48601203754717,242.83065981858968
177.94874856885465,7.961655270441648,18.474742796754683,156.74437969475338
50.63044042570501,7.070151550999362,89.55302877651363,188.94802394828176
143.76473602827656,3.650112034787054,58.939957795589685,177.59647211599176
77.89224809620677,5.758669103858013,13.612154539144843,89.10961738466864
154.04691523342393,8.561135439210258,92.79119130939077,250.9656631155486
247.50669041057117,1.6138561126845292,54.03717764531818,168.01280994101018
159.67788722095014,1.7046754028821427,88.17302274049015,213.9459616290031
157.98128033648064,6.005530612447781,87.11991587848212,222.62495922546282
189.19736922971165,6.752036155508229,83.41764287114033,230.1263278317874
195.42264618692005,2.902717141983137,15.526271736582046,101.14292137777765
264.0740771997429,7.706981140223663,32.235998088178796,192.46266237360183
127.08885980723787,6.816370393366547,88.79930852188876,218.45187464074345
255.417816092004,9.309603414126578,90.90919504468845,272.0489168563191
191.48343717301182,2.5205878167268305,51.22619761319255,151.3028086436908
125.13238742928674,7.762368388222096,49.6037320888782,168.1365898474236
123.78151100151928,1.7527878152494032,25.76265704975348,105.63758036209872
140.28437927643114,6.087631685661077,97.15697098220362,234.19019571140748
205.67331065499388,5.967056255492312,29.182462782313888,167.38664620977357
107.70293283998728,4.495465401820665,27.1843105915689,105.47111618893659
280.08339041806687,8.601140329017106,69.46560731342569,258.6939560384488
193.7281460444751,1.0393358030741102,31.85598727004029,121.30163805081312
280.00394424900173,5.681614617086686,94.48944499129507,266.5413984964396
61.60108964478867,2.9543819485166867,10.981629578601535,74.43141130699706
135.65284261536834,7.691487572047896,10.517793609097119,119.80825582252996
55.70191517190577,1.3876068367548746,55.438912129203956,98.45204277495782
118.06295377449246,8.483992193634199,53.92562139221248,172.09109364459948
265.50161806714704,8.542830040362563,24.702761971081944,184.96847727425788
59.15242896055021,8.495794111631525,54.5067606673256,145.1601584117357
159.0367749789362,2.3731167405940288,47.04949946529878,141.9643644143434
79.39176761830694,6.673658667049404,90.12965728081319,204.13217777346935
154.21016481509193,1.1293062326505066,10.832852819526712,91.76163157329412
259.71289606609434,8.631663321602797,97.8642824529657,297.8638104041823
205.76775835062978,7.506776741577585,66.19534878662583,217.92882648428665
234.1890863328558,5.780383578093274,23.665910108074804,156.5041504168097
137.27602886239526,7.575322897869554,14.20840124300496,123.46777106804
286.09942375253536,1.84891686986595,58.42950927033087,215.96306713700085
227.31552344487503,5.757902489591706,31.14011493746381,167.1527888624586
155.44970482113274,3.6214884263480087,37.10489833011333,135.58565857936205
156.61620005676372,9.753575169006757,32.06189483510623,162.9599032165215
279.6710444858244,8.714061555615116,68.51550822152598,253.5285010190998
194.10117335884794,7.599481262505792,59.81760659045202,213.5796737148283
226.59480247576042,9.403728717247587,17.017698116963036,152.424526133608
154.2588061282927,4.121589741089264,57.387387985765784,164.27798803774726
105.92319119117853,9.107919090893631,81.20707890069698,215.83055123644527
230.88982299860464,3.927144088960393,17.30751317382919,126.62409127144487
201.95594303534696,7.595170477220377,90.07650786073779,238.14290596485233
175.33572010619486,7.627752205988042,62.047598450295624,201.975223502154
206.00523499861595,1.1651488880868413,95.5562022343285,214.59756024690864
102.07139651605841,4.249537284503757,23.33270959501381,84.08727388094425
248.48467663298908,1.174894051676481,99.42084994179837,261.96555700933993
287.04070125507644,9.973828158492237,67.98455793727092,264.61440562434075
272.7757860419257,2.099770856463142,61.074477953295656,224.0757551261193
130.35893632675428,5.885298060832985,56.37516617008769,154.08467068062362
151.50144332051897,8.115006148863735,12.128893578848148,118.42942478447564
252.1005749493903,2.8113724203480324,94.56752723946202,260.7442284727669
198.77928270615095,5.365474012859254,67.95950255687785,196.57318768078434
186.9786109191623,6.466858848290357,18.246383604936213,144.81293306151727
281.66049188336126,2.4418427895599084,11.885695326507241,147.80874252256532
184.0062402442627,8.006999139203847,14.57052753130762,119.40041222381143
178.73466989682748,3.6940281147042877,64.84561870890167,186.85501863351894
60.50464781658991,2.8992076870495627,65.26138734051267,140.44954593523912
67.35423964753441,6.024598717936752,54.9700562603297,133.6192071039115
51.85507697016254,4.692822648786441,37.608923858765635,85.82088076505755
278.31105644590843,9.28257350172776,57.85684584531772,247.30714674945287
152.09666500442518,8.920564283783385,56.46716387886321,212.25466274180744
167.14034403335313,5.350155970499949,11.747400388890906,107.35817705760046
261.3467368981155,4.233373972530378,35.42223072947482,194.53132252895742
202.3115775939445,3.929661834681387,14.786680732043454,115.23007309143524
202.37539909764527,3.4080726077335664,91.01392763028899,236.66687047325894
124.13360733870311,5.900930683412295,75.27008465066218,199.77844863729723
258.4770934811298,8.244807442610892,99.6503653173621,294.0062859218359
91.45749400987344,3.79680947383202,37.195413697475914,108.38280903051103
63.287398043236976,2.7108468071927336,89.06372629812192,179.72605791394506
97.90083937963308,5.279354255649581,64.27488411392335,180.8839843536784
116.93430469364117,1.6213097511789987,50.78128662132444,134.05806981172944
120.57776446355169,7.311511055167362,30.03158001597716,124.67542931991976
217.6283996546919,5.665224396717402,76.45529487575286,228.16290858649623
104.45614683216087,5.4673732717556875,91.37266740138699,231.37540265017702
219.16457612374614,3.7040084159502022,31.17775582678337,154.3015774328058
72.78304330844993,9.14206093778563,25.785130147625132,107.5570802479661
86.80061527447725,1.8143766266459744,72.65997235043803,141.3314086038524
177.20536212274874,8.828416079983281,97.92758464529672,243.6565912758349
280.47395064416065,4.390346821743304,77.49595909936703,254.0210957538932
264.8918972027785,8.925611643775202,35.6122665142884,210.54963679966505
292.1883606107008,7.558853124991453,47.79598817330071,222.39663032953658
212.61976631954272,1.9375365399583449,44.58858719125345,161.46876583417946
218.95371660402301,8.483826578584182,86.6885516242341,248.32882987799508
206.255749732873,7.139591503295546,79.42337009850014,238.66459720565217
205.70473071454933,1.2907172162381362,63.007789128536814,188.0621152654869
86.78008626689616,2.2033241389870297,34.74631993572129,92.49649243359917
185.93473904098215,6.720652502521256,94.41896749498505,266.5101360673351
146.51698336293146,6.963404525922565,68.7983702292232,188.2503080511511
160.63430394432336,7.7198628955383555,97.34289817976043,251.7021493652516
180.90014326480934,7.482208606974837,62.21053297378277,211.57007199851816
82.0990429505629,6.935679592029595,83.90734825272527,192.6061425179672
139.87193346302996,7.896150115717803,83.1794841455074,218.31398199311718
65.8623902191509,6.175771353031355,40.35958991502329,103.47453622085544
294.91703260559973,3.347122469720094,96.76186506615053,293.41863794722894
79.63200720503153,9.211389523576464,11.97473208378076,94.1729166088901
114.63118463623863,1.1639262783878013,79.18398178906727,175.82173217938362
272.82323167584934,4.299055478843412,96.90013771876394,282.7019815213041
170.67751155978544,7.55983263787447,40.501738295535056,160.53979033641158
83.90930038015757,4.844404370347069,68.32995290118748,158.30538531266745
146.05763450983721,1.223509667320129,60.60009248597895,168.78556437693896
78.96699854784646,1.5938281280459186,78.53565787088714,146.18745020829442
100.05399927112543,6.837736322244598,87.9560129480547,227.4234814893278
63.007461737461256,9.683781394647697,64.27401123695932,162.58418067089923
159.55687363727498,5.96677272251049,83.43141277433112,207.008557662554
251.65903043131493,5.560820362213922,38.10570183003297,186.9493569355304
196.4922946749739,3.8649269175064056,30.57283528343352,165.8642880260706
201.58632637115292,3.3102160647945684,48.76009205795562,151.2160896034454
100.14600752081009,1.1888648358065623,70.9962939622705,151.08701094586567
135.9734608130916,3.4565938087642403,26.852225404485125,116.71334164835109
261.310525960208,5.041993967787272,71.23169729367024,236.91822574888025
71.96404608162864,2.7815480474405514,45.468428371486056,114.7152179271134
264.48266341713344,1.786131896332863,81.60177465033688,229.94605600230025
170.9225065661964,7.459550805291423,13.315223539297296,119.6423735025678
259.28685783127935,9.051582421612604,70.1184374046455,252.66608487595104
129.5016048486001,9.43094862718377,68.48401029849708,190.382519644077
134.7107378957552,6.561988556472904,94.6841928512783,228.27366320318217
237.9012170807857,1.4749712433935362,74.20307982076633,209.95250984371646
246.24904334805504,7.667763669655961,81.6671706780953,254.63873985309613
107.41116949753669,1.9908577473569773,91.41319142678515,193.24360780196366
293.2178312054764,7.027733059190416,70.7546726462789,240.35121181556798
71.12252606120724,8.014292521730882,36.11382714639771,120.40031271890234
67.12574077553272,7.532782397438255,88.27964196251699,220.10720889732846
198.8760538215257,9.566954251850175,77.28203075283776,232.44714205386157
230.68519194290536,7.643316560206507,48.199384360080415,215.64474108315946
290.2215323062435,7.238888001836276,73.9476255384966,263.75105244855064
151.23644519971538,3.3556885496479216,88.09199894630278,203.38144115876574
56.32285224740828,9.322918177923116,97.80869182521444,202.65035293110247
200.72408486160174,2.615894837147502,95.71163535631499,238.333380817703
122.42400514969296,9.144069503258137,39.27950440877274,168.14317724747374
158.23678029885056,3.8139628901131934,47.95243423463636,150.40106647009307
172.1173705624838,2.1714723448990187,19.858294447963416,108.682137374066
66.12815268450845,8.440147245440537,32.27898583162414,127.17418455034559
171.4954461410257,1.0224590824074622,89.41790876382552,211.2460449276487
156.57991670107867,8.488794859127477,42.476493365142304,153.06792322653655
228.13606632164831,3.3608065784137833,65.8497392735393,207.82194048958905
211.41647780308617,8.962491454800592,69.936905647633,249.40675597334288
96.30392953764026,7.223312640174212,80.36463476289808,194.8156752955993
101.53472955259925,6.99564999565531,26.452002722106787,87.85525158770267
112.75154469359332,4.28787606848359,37.43318211529919,126.57192130871479
94.73761007429434,1.534626765016939,50.35027073123625,119.10901955621644
214.3032999171168,8.470657883850196,42.83569551144462,174.03720851405245
298.60754480006767,2.538134156588752,98.46147095737209,263.0338142384911
213.02708512898414,4.35032777705277,85.14467228923412,244.43055280359678
201.6703865478228,6.403192169581736,53.17180791584374,185.1179998848526
152.4819833377681,5.340283647045595,89.13417634778212,212.3205122846485
128.1450647149402,2.7879457165418624,41.28876528249671,126.77451678311377
277.76843922661976,2.265547211940555,80.7245491501238,237.07990549233702
292.2504685355383,2.1092164502526156,30.130803829580827,173.64296168762706
174.19404389693193,8.767070933492809,79.50898407037293,230.7492480374295
122.55012387663936,1.2840359415520026,51.08080628761555,120.06148288890266
242.53055191744193,9.793128336399048,19.674938889301814,170.3782927973109
83.11419771671962,2.786758213468727,34.59362091000241,103.49743473212612
241.39705941092038,1.9929006719117033,46.20471616212082,176.24958176949417
254.73709357783468,6.192744892991156,77.43636204979934,248.19368014687035
81.22598615679183,1.7198736214662698,16.568444325785578,85.31627147052029
294.2153671991409,6.422079368472354,69.35922955833756,261.14576331337986
296.3780725971196,8.655639803322519,74.44122768395593,282.0156822296077
284.1798698318378,1.4310821932068234,68.85292329331763,222.44705976079644
174.0087023515661,8.198817440756898,78.46026743508,230.4894212005437
111.5185355692071,4.550296968839068,26.035175442055447,102.10066233970443
195.50232022047823,2.43541570448089,62.83930195567336,192.41245719934707
154.98345961785893,2.5848683224071314,94.70304524834918,215.86829429071256
101.48716117929928,9.268880893248037,64.9705842824084,186.61892285087805
155.9191024044619,1.9954517674659802,65.02027122576578,171.48141965931504
215.97245891939764,8.801045084040913,76.2795677901942,244.63189185920038
67.72832769649776,5.898201588852531,39.98838089132731,145.9467910314104
133.35450036150414,1.3515056093479516,73.04283111893865,162.99738209480216
54.4487225032063,5.1802853114560445,92.46104499818935,179.61536775425984
237.3738763654189,8.357045630286706,10.98059257228087,160.14663502413995
210.1728169041752,7.535825088751904,88.31017369979789,248.26182276437464
65.66803367549147,5.39904175916246,29.67564981329732,94.86183337246594
291.18438990049196,8.740448917265955,51.03309463303377,225.861532962521
55.65538928177517,2.083282856022067,86.71130208573742,167.66110231545238
197.49016161902216,9.18946948053132,84.15209147109661,256.21412170175194
244.09186544976396,8.617970876350139,90.27347303134503,272.98488950943937
246.97407826118075,7.374491430915125,94.63751133692735,284.7665223492397
58.57128389830095,8.360989679158743,50.24412610945827,122.01840098196557
276.60378316010986,5.894339561583994,69.07274297209062,236.65379151495642
279.6129179817806,7.076461861879002,45.1430596473496,213.24227411102237
190.34759328859317,6.04538263637001,41.56450457429492,156.9898823897002
170.52079972178655,4.198856774571544,48.84358695379025,144.98085381807053
61.216865765649956,6.119747176250598,76.87685213044084,167.32180073278977
190.48853562746717,3.3171879927873316,55.12966724273976,182.4160559496406
152.3447704425577,4.962512537567068,83.26537070035079,223.46961082964972
243.20160185216403,3.5269786653421886,77.06966294765402,225.04714965700387
150.97089172152198,2.105990105152501,11.84306150119594,96.01505784238114
220.89520833117743,3.8967567075091556,66.72143413955455,214.28943846010526
75.3520365593827,8.667884963662935,49.291401097773196,159.6034228320725
83.23806769149174,4.429726935780751,51.096609023602745,128.58686498736452
84.92754766228958,7.732032840719821,83.65357484829052,180.12654058910397
61.38137494993588,2.5767806881434514,59.28471874762091,127.06539006635043
185.33221481745096,4.819772432508774,89.70596411130524,222.6527568467849
248.49193151090898,2.033704624016589,74.15250331525213,213.55899960670465
202.6028009234165,2.247589570307407,59.75560078876475,178.90027796351893
193.73872138821406,6.556927419010623,77.90841785359933,223.75347611724632
220.1559821006841,6.4673363570411,13.451414583286656,141.99178916936708
134.9113307680037,2.92034716619376,12.437528934538697,94.2541247041745
140.4885179120572,5.269808748599187,17.501439422876686,105.1192542093742
128.56752455523065,8.76975550280153,49.38087926324284,173.30408129704423
228.02723321339388,2.5678135780883458,31.19051310642488,150.98389093474165
90.41008391769358,1.1728947976616335,98.58351649742062,199.25872626030096
53.2563200782311,6.867956265972151,58.806112511023024,141.96555961662457
199.0491116806231,1.481483872798165,69.61741714730427,190.6639229994509
285.59534118355134,9.819462147152013,35.093812262202704,212.23216112249557
202.35197924907618,6.486582554189929,38.961721772884786,170.19380173032235
245.73041323522378,5.23356717559575,40.19157227270403,176.9124782976656
218.19767736650755,4.869932860218761,72.88621346352706,212.13208258155228
174.35916338075407,6.157635926652382,52.63355869203777,187.23983687644744
229.5981004459615,1.8156199304819343,56.591528727706695,174.97261609050832
256.02603096380545,9.370171529375462,63.28026839434108,240.99049172693208
106.1829110429245,6.6307786169669,79.19304906143952,204.57005895687357
134.0326201207864,2.655806478498179,18.133277366123032,90.56498853995394
105.93143312582097,6.063229483881965,79.91865209969394,200.85410335613489
163.04323889761025,2.1993085524971048,60.69115619876619,161.34011541241048
271.26613772916687,1.157974458024809,70.21859003697315,209.1125763737486
136.30177520883308,6.674652866925982,39.47965883566858,131.1652041226578
143.61672228263836,6.83635007683115,46.844815313480424,175.02290296015835
265.09180866798295,6.25326924523074,30.804923768852824,172.14174353028196
178.8435826861688,2.6513488392402076,98.13699976756648,239.47154282326923
183.8622499118586,6.430868726452903,54.7302675259285,177.7951746179669
265.20030083305323,1.5085984683206783,99.6469224216938,276.2673354867636
172.63168425636832,6.483145200147301,54.08073802551397,204.6573339877058
220.38938365734882,5.986153171968569,29.77761379456606,145.8876394177281
71.41116646851518,6.897293477551896,55.670715706317104,135.70944319305306
94.65792828172133,9.059280451771544,13.563601461917003,111.23629440245399
151.0940501790614,8.653222947155829,91.42928212797561,245.9780872330253
173.7097669549687,9.825887724062849,83.6695226074997,251.8868478611532
291.4334253090574,9.786169296429176,75.32384686248562,272.7524313954535
292.6629082619475,7.9508772403637735,64.88440438982141,274.0214977015637
262.7992718696904,9.607776599599552,62.18508103033268,247.6167079582707
128.89970882139363,8.805554973002007,99.70553926715166,232.9763415258598
291.00707270810994,7.548242049054756,35.01976906179441,204.1422079207799
222.33521616905315,1.6784582917937967,80.17159288290202,205.54809828865496
148.23503195435012,1.4414489944289899,62.32642931922917,175.9003153182698
225.4187292461916,8.538396107551932,97.82924893829967,273.0000330156846
54.130682446631646,5.4069027208452844,84.50228649684271,180.36505117558937
86.53867056855339,8.331460159374288,99.86726016906334,221.366927828066
257.42142788909194,3.8162644358969744,62.94924950162017,210.31989448992678
211.3934092182928,4.5788487249071155,28.408956179044154,130.96249976760842
141.048675322971,7.301680489107387,55.33183321252604,181.90736842342008
175.1666600556797,9.237940632388838,74.00000206455171,240.2481828073355
276.28553741144174,1.7898532703099734,79.69243475634293,229.84245763698942
207.89452736977162,8.753303301711457,10.045899011434921,126.54088482363161
149.53732098358256,8.137114523914288,55.452437965206464,191.71231838819244
80.08166434938374,3.839853436568692,31.17111219735819,81.52618772757174
123.43670040639024,4.196949527184036,88.74206499293095,215.66785464735528
294.5850581991458,1.4181532949971867,23.76148996452057,151.52307347187892
159.34076571294437,1.1416655000504619,69.98106246173501,163.3833000497863
167.9598659612152,5.293055137219562,33.94559712924324,147.05224197576166
174.64950809925386,1.8598568094757948,42.088792889284505,131.91088377089292
271.02600573705274,2.7460163297369173,94.65033346811603,257.0448733327476
200.98207109632747,8.620904795739971,31.640331286727154,174.49766867403167
223.41925911298054,6.139255521254072,18.550248564063757,123.59823072589177
147.353385637276,6.702691935395021,16.235641129980323,133.23246808613922
57.27190464724359,2.68731397748728,55.415359908951594,119.9047729344186
282.7432285607111,8.457956240089775,67.75403340558591,244.0884626090769
287.2819202291016,8.811817951957728,39.45642792137985,207.98404604063063
287.2882633370128,5.70994834341739,72.12337676137727,261.566575976566
285.92177166167914,9.213019946907938,15.493034671591403,189.68388975733944
253.81048526739025,8.603457624591236,87.16011804305892,289.1494658673527
221.14901252908172,7.581917590069942,83.49104887653141,244.77833782873716
261.1274795668214,7.606683241242657,98.69466442528771,293.49224304238146
200.13655975025904,1.9485412655577696,94.28544828116608,235.4911817674784
83.5924034730059,3.437524339260992,42.05774475270353,120.66387521708498
147.80454126035528,1.6016249783590846,45.93478456140195,147.30492947236115
292.82372799323434,1.078130883036778,77.13683627304336,231.05276096359918
137.78445339891408,2.4247857824551913,22.067449475948486,99.19718180815951
266.95697843284233,8.92438464382246,38.26132392203513,202.69520301950052
73.30286769371739,3.1588665313244637,20.668684327808343,75.59238749225803
133.5459605938674,9.731385663325495,50.939780416554825,185.46931099963643
137.7383311818449,6.375618996050855,59.68038518967859,159.9536502349031
62.90063577724504,3.1353263887122136,29.004442296647717,95.43726539402353
79.77358254668874,5.474177231357915,12.39685182226945,66.48377566623176
98.29130278044275,2.9718534043010383,74.74202485754708,163.21512222303062
259.45389770252825,9.855762023641365,11.800464798355165,183.20048564641215
65.8504974849516,8.625384855144674,97.60623480355206,219.15657265486615
124.6752253360968,1.2361490990409618,29.94465310681559,104.36311477250352
52.54375064731688,9.52998428320724,69.75100829046619,161.48767365771113
223.90693635075618,7.489585965725986,49.127655361599025,190.26132805309254
205.07577251084496,1.741431268191505,15.370647430339648,123.20600045749418
211.24556551328544,7.03573971693801,52.49652459710207,192.53027623081343
143.5956961786547,6.82234028169117,56.50845708671197,171.36354677698716
102.06695531689226,2.9690987122682513,86.92148872835816,195.6940212911825
230.08005332150833,7.826020300068181,75.91141626831082,234.5301117777152
252.77946818517378,1.7835823298167042,17.137222727804772,138.42788434372278
84.65037452455044,5.40500663108123,28.824641508903856,104.55121849025903
171.70735698435533,1.0893088644677913,38.069891579345295,131.2074672264666
112.17892049471563,9.718637400052717,20.47669178183375,118.99543655212543
92.02671530153343,7.764072685992184,51.12091638230415,146.51387230939724
233.58132837374976,2.429668685436904,98.5878271776282,242.67897390517808
184.52423386820925,4.075066359561546,56.31515121139854,183.4844024226023
104.04633309466695,2.4450614002735866,76.76939514908524,162.31644104769524
127.50000280288627,7.899557177163832,71.46440179294115,207.3818359080579
291.6634178319356,1.5300669288494366,86.49202915829241,251.80819509855348
262.16989117713916,8.563659900073429,29.41511414190485,181.22442228986972
269.98668571828205,9.479767049521568,77.84436355237254,269.78191604199526
165.003024270177,7.089651485256699,89.32197162751746,231.32385258426572
205.95181598021875,2.9166890500129075,25.435884068221846,145.20903186176534
144.19193505110292,4.240810862321958,41.212199780920336,137.00912611091613
69.42799392222264,5.295158873280381,97.30915878984054,197.44862630804852
150.26732766419565,6.4416229498202835,80.27090613818132,226.83687207697602
198.4951883017862,7.017967808305187,35.43317492837791,172.72034996944078
121.78606769203286,5.9879324378699454,60.75475926800382,186.41328832820358
261.9876436818539,4.161825287396702,46.38935105645309,207.77866053504377
87.77503979364965,9.018255525084127,54.096865869441686,152.4749664634145
141.78227235922998,1.732528522161624,41.964957225163765,138.22249593624682
81.22597633105073,5.196304488191455,35.13979166773065,126.43463339571946
151.2080334963063,7.980083546207326,70.72867372522768,221.8047730406349
59.91532624356761,1.547853987622608,80.06876335775058,161.68950530793285
118.13734876541136,7.348016951301711,88.65614104726103,226.65446578265642
150.18381377842093,8.377404604779926,23.979697058636923,134.9034836864679
169.5413408191729,6.94748168674347,84.05699712807166,220.26561960999825
185.92408961878547,1.116432030478204,32.93207420293572,125.82773411533424
118.74778244747972,2.621233244189856,48.460275091904556,116.64780182347039
180.76033365371808,4.079017710027557,91.12993172643219,242.82207275549035
177.25115539051495,3.1032103207424133,50.90532408843418,159.9415702983922
129.0445127190521,9.663869262046846,27.735718063988458,154.45403578448736
257.5500826641196,6.864345227024143,24.3881789713406,161.60903188556344
186.41028164839128,3.672738616164133,52.56853899869204,182.60686344823733
133.06742968663625,9.36727748798901,78.64051815788987,213.07532996964116
286.83462802019415,7.665347795285681,99.74846295768711,289.83959053794496
261.27810326779024,3.5614649064433777,80.86677655878117,259.8899111991023
295.6469528879502,4.409934124617599,88.93107630485682,284.7781829289611
223.0584686613552,2.794859724735611,77.30491248413992,221.27297901628785
144.5557263765117,9.739665984392397,90.58915906804954,242.74373792599062
120.21516666975309,5.655668463010659,16.866418898252192,106.059137518524
215.82946091862024,9.064510187481861,93.69384390834809,274.14138694655367
295.2041456238259,4.118497939151629,45.67655383530905,199.26621915653737
206.6787700259622,8.747574427877282,92.94528009524002,261.7067775947821
270.4037352474595,1.4849816358444756,16.8159553713528,160.4175136556224
132.27585776194218,9.838812857718592,74.37186614090223,240.3837740310033
151.7384456185639,9.208309303299725,76.2119873803184,236.68159088670862
276.5688098973383,4.268826502989894,99.72198003679955,286.33686593071036
239.2166754894547,7.972499487831197,79.19697436208324,250.9671388510434
295.35258009197645,7.770321338264434,44.4316335234046,215.65823007425
243.6910524330605,9.111293173926384,60.15236964566908,225.93861720705775
162.12892680455792,3.7652948301593,42.98958443499312,142.62974493824174
182.76700495559078,5.189680047827346,27.64167807743723,162.0293597517866
275.12887311578413,8.784996513454477,32.365209475204615,220.58716899021894
187.91168402451197,8.007215087216945,29.980948084688883,167.6349550722768
113.8493435411113,4.541200468662512,59.39337971468916,147.72967756766255
158.90495319248737,8.611527096209098,91.5544571078704,252.88186168695643
179.07899721227946,1.4225863530916134,92.14539634795578,214.57645488719746
74.17995838778239,8.038416726666911,14.928739977324295,70.72708256799274
235.94066856322254,2.8608927349033055,17.19094608567042,137.33815660232378
77.33848333874326,3.5750881704140847,32.06071514551091,88.48277649749355
151.2294283422014,5.438933592360343,32.955350722252746,129.038931091161
251.15561038510114,5.047610509629766,18.540025771532598,151.0062554238081
166.89259040332422,5.6851309618289285,44.961700705609644,157.64201229946468
260.50387992962703,5.902980361048215,62.89528534221585,227.7168135993756
135.47033051402875,3.9837492192834723,62.03459805395173,166.33546988278442
289.4090734996089,2.57704761715327,58.908671313273345,198.25378352704362
102.3671079513089,7.916331063585754,40.48047323987475,156.4519882470928
59.56603624732533,4.599785341784279,73.58101167849226,147.36309149610312
268.1066357476046,5.552567762131531,84.38355468829643,252.0568412908394
238.05067898760205,6.8022704651600625,41.164683982966764,187.69311737738832
107.9959592668432,9.186741300759904,17.69818233695158,114.59601524227124
296.18540178416845,7.367975480261979,36.669722598267086,224.9084201806963
175.57003231713196,1.4091330303134606,22.36317891174125,113.51268096658099
287.76636003604085,8.547043270582158,52.062285450446275,241.5998433840919
176.25719284674983,9.904195136147672,24.034163618447046,158.82046012294168
167.96864669282274,5.252365228342439,51.656028189217956,173.24794292765597
162.28463428611627,9.726313028091406,29.8902603092183,161.4781043496011
133.71881903323754,5.9259586810883444,76.48579949161626,178.51867883047174
183.42537429413792,5.136543962847548,12.481141675226107,115.27539719633678
163.13866548714196,3.9826428825470956,59.927167344873304,186.6820427306138
59.18671915588853,6.917993882500049,25.253944742805103,135.56888429713018
115.10880835587562,3.0683837847254014,10.089267802266436,64.47625464398182
103.2807000263896,1.944407966629639,88.22800792583264,187.60713133569652
266.85890058026666,1.2451339232579266,70.43750090326608,212.91501542455202
199.71749430671036,3.631421014437374,18.904853984547106,146.87790281066017
240.92077511243187,4.561937489503344,69.76651309154701,210.2899395218952
289.20650943732016,5.96869026653123,65.04825994638387,249.34783993031883
211.00981813160251,3.634748426683058,52.6021018338883,167.40871114184685
295.6524978511861,9.8565361514687,47.73322885830526,235.95785650466752
127.94101291303241,3.625706514170508,89.83627866241615,203.71622242219166
96.56679557822346,4.968778496017679,32.063321790770615,122.26251021492978
150.82747199822785,1.929485489787103,45.8479051312045,127.97860568344812
167.699853733952,3.345638620033681,39.62038716053445,149.87254582302472
273.84038571314625,1.4349892581009198,79.40809261329701,236.01101672958808
189.9851097591691,6.035577700935953,92.48187756092855,247.62268261260004
123.04524985450425,7.759582148191885,86.48035288662074,227.31986715954366
235.6585707168802,2.7613883290246113,81.79335372697916,217.93483359229103
176.45798428476775,4.311198440344636,98.81109510130746,248.46177829907742
90.53298631879254,1.149546040544445,72.74300953693466,145.386390504747
194.20494689781304,8.555698501499908,77.59484120921805,247.8114676302201
277.84863420182097,8.019671724385026,98.4522285734517,302.2617315082099
260.655654368955,1.5692862778686314,10.629170685925667,125.95716535064311
196.70249315883277,4.283808483883702,67.06435387927286,194.79631081095272
144.27079347124703,9.59757952464546,76.50743787579606,228.6903217689735
71.74468776605279,4.528243504710794,92.60443483814755,202.8552617420057
167.41223083290595,5.735878090516144,89.54598737659084,224.6347484420275
238.0198593823948,4.1971857490931965,85.77646131104149,233.52849880717218
140.06842993325265,6.365182493154356,95.12121447475334,237.4772165806551
108.8617063879161,9.8034118807314,58.36412691223368,165.62262290683697
282.8449298177384,9.977522531330774,10.622808602634407,165.90467311187112
255.3889251144981,7.972434802100721,10.994895882730857,147.88308512512015
209.56890485503615,4.638799882183953,59.01751500560723,191.3933290309576
84.19583598012984,5.449889807460895,49.17450149775472,121.32621678383406
86.22721010154325,4.210581953010749,50.61205480289036,112.07387691619081
75.80489786394475,9.870171669139115,46.03642634890333,137.37301507125724
204.0741667231858,7.369842752428633,92.59532281821122,263.7966091444605
78.890699118334,5.0403830089016015,42.32533160528109,107.53075137849558
260.6567997156583,1.109037430986421,87.06042475867748,236.99584739966994
298.2412504548305,5.684350729514935,91.25783144124767,304.07198561503395
141.58704617716631,9.855353815314562,54.95515929990593,187.8525851970273
163.41746174177436,5.707548180757467,50.22442336285795,172.66667054207994
227.91679424641967,2.6418401694020233,78.49185437939022,212.6532999321478
284.28825158144144,1.1988437239429737,73.71743568758941,251.920421320677
273.52344338909626,4.192333823117881,39.56816049365854,184.31034232033144
64.39795718746214,9.264052501269463,19.22933133321819,98.64239553664429
92.26795063919126,9.968986973582929,33.83671601642323,150.67777592789966
238.64929963944806,9.508311773308023,21.79256552310691,173.87278455844353
222.22327700811184,7.564779939288311,36.52590481990222,181.9809555562918
83.30464851003082,6.023284555965898,33.563940902271916,110.9673103293584
175.51614550039193,6.316175317440268,67.39402814980423,200.13005323149218
245.2036577713239,5.850928081827648,95.90464256093017,274.898087467344
104.69517056567341,7.363443744306895,71.71693590974351,191.80012270440017
267.8219089336666,4.769859040258172,93.39844672581127,264.64324455134874
63.24294370509199,7.022836044601889,80.5719032747599,173.6084080557168
245.54877126701848,2.094509034614809,75.50898598640559,215.8641717709142
203.95472494746755,3.391257759053354,47.26557461920073,155.42400056105723
128.79983666358729,8.524027349277665,39.231505257703176,137.08302671318503
230.23313708547784,9.13374037669052,86.16496352256273,269.9810734737369
245.59144878778991,5.851074138042697,91.48539096361048,274.1059946824963
283.4747428259923,1.2847205549163916,50.66942442858388,204.52808947930689
141.9436680385659,9.342762137125913,10.815678836797996,95.89488342488633
221.50418399498872,7.318578322245578,81.32779530158234,244.73560729116429
200.65406923367271,4.726251313798247,35.65619564250625,146.35625817029413
181.30151736427212,6.3854104887954675,10.889907851522867,122.21989554517906
272.6041185387595,4.867973509972295,82.44897030785098,252.87673523904795
50.79182853460008,5.188053040588459,56.567276993520835,137.02703116950946
120.52790152589941,8.981288790934615,71.66896717046222,200.42952441671278
184.56930988620752,2.4497582222540037,92.32208390300298,205.5996219710786
94.57331540913809,1.933022219340131,58.70564471242948,125.8820456010047
276.9666334331896,1.0245587006171417,55.28746653210692,198.89849782278844
211.89877940325383,3.8260033805091402,36.15959092134372,159.03001933817367
169.4707486579975,2.3267238983598464,37.467445099595736,121.56631852735181
253.67543976666363,2.9798694562430006,81.68878594266812,223.53810506642142
162.72154786627596,1.1011508439883924,50.412632102734335,146.77577489628564
189.66325298250237,3.044758732189329,24.717358774730833,114.12845995553857
50.68774888848025,3.9944042373913655,18.507588760044605,51.32220961740798
141.42513254876837,1.284107467688932,52.562810517560145,137.38340100797885
84.69761808774244,6.47113711867433,51.84595212559574,139.11920010347572
222.42217016557277,6.119203139953822,68.81124503848565,213.9977465503337
