Area_sqft,Bedrooms,House_Age,Price
1810.8904159657686,4,22,387324.6128718372
3827.5000724347065,3,1,595242.0732439335
3061.9787963399176,5,7,582883.4400984531
2595.304694689628,1,26,298276.72253026726
1046.0652415485279,5,21,371154.8143270884
1045.9808211767092,1,7,164888.1319496212
703.2926425886981,2,16,183835.54835071223
3531.616510212273,1,14,490420.45611706213
2603.902541101231,4,16,514893.2586303546
2978.2540222861594,3,27,469543.03624556324
572.0457300353086,2,22,149542.84089738815
3894.68448256698,1,23,482066.6806048992
3413.549242801476,5,12,633460.1398841438
1243.1868873739666,2,18,238038.72973292848
1136.387385224852,2,4,215720.6085646188
1141.9157844870183,1,11,131846.8617566682
1564.847850358382,2,0,270018.7841284583
2336.6475107128326,5,22,502260.07831179246
2011.8075652474051,2,4,367844.8777863271
1519.3019906931468,5,7,415497.48988575034
2641.485131528328,1,12,365216.69760398485
988.2285122821464,3,7,258221.2567946162
1522.5062698732636,2,24,283228.8552621993
1782.266451527921,3,22,365013.9018926297
2096.2449447596255,5,10,515072.8954759534
3248.1158648755477,2,0,455094.2331967187
1198.8582375542592,4,12,335997.469451411
2299.8205344476405,3,18,423157.23613615584
2573.4509910171487,2,23,393444.89017384447
662.576444519992,3,2,240241.09985883563
2626.406981655034,2,23,393335.8578843137
1096.8344329055203,1,16,150724.44781413188
727.6805754484783,3,4,199379.72135409235
3821.0993803866663,4,19,626620.5370734305
3879.7121157609577,4,20,699127.6513640827
3329.390718407614,5,7,632813.8626871002
1566.1481921067973,2,25,223749.97853100084
841.8523990223435,3,13,252675.2750972629
2894.815592792549,5,3,611487.0713087587
2040.5337280886044,3,10,410610.53517367534
927.1338219567259,2,19,201675.62870894274
2233.1191853894456,4,14,470886.33253607247
620.3598239032644,1,18,143247.52156523155
3682.621407275737,4,6,621005.0990318462
1405.7299356000592,5,18,381810.5781635328
2818.827995238937,1,27,339367.6286376139
1590.9887663129384,5,18,417603.260227673
2320.238074122338,2,10,397097.0172911839
2413.485977701479,1,25,325179.68467910215
1146.9905943393446,5,4,393412.7103749057
3893.546197175955,2,4,526839.38508782
3212.964881763901,4,29,542692.0492669396
3788.246295474662,2,21,496876.40279971866
3631.8957264967707,3,7,602252.4029660433
2592.649925838798,2,9,433830.92095837044
3726.559822580909,2,5,557778.5132545168
809.7237571817182,3,14,213431.1299470153
1185.940018467008,5,15,406953.25208835676
658.2955111868832,5,27,296930.3631419218
1638.6561576714253,2,16,256349.55330551782
1860.370513913187,3,7,346956.3765773486
1449.7216112086357,3,7,308363.46063319955
3400.581282031753,4,24,585061.3242535045
1748.6366434275624,5,8,448609.51297827164
1483.2707839058326,1,1,198739.12570527938
2399.4362910538694,5,14,548198.6831101772
993.2347874116692,5,17,349176.05610066344
3307.689432639139,4,2,580647.6547912837
760.9272528791978,1,16,147517.31758515903
3954.1042781018105,4,3,647824.3896068867
3202.856692538301,1,29,372764.99943310587
1195.5048853696035,2,3,265910.3351763272
519.3274099326084,1,13,137147.0461829198
3354.1149995919195,4,8,585251.8795780025
2974.00070346666,5,8,597960.6842576563
3051.5250881434554,1,24,369249.71628679655
3199.44621340081,1,25,409043.3966129651
759.1562810693163,3,22,209584.64845369404
1754.6300499049541,5,29,429513.03718789446
905.541708337954,2,17,199850.17275249935
3520.8619905645774,4,9,591540.5293071324
2681.5434438964526,2,20,394548.986482923
1658.1430869842723,5,3,409901.5420025491
722.4542260010827,1,11,118594.76143786419
1588.4381260048176,1,26,212743.89370223813
1638.1416270936147,5,7,444156.64375245536
3053.6216241832244,1,1,420226.1257092511
2731.451149743246,1,21,374852.59298392665
3605.2445990171427,1,12,439836.02149659075
2152.7522380668224,4,20,408604.7279690128
918.5798607840559,4,15,305808.74202193716
2996.3567552804825,3,27,441783.58509354957
3162.747670159141,2,1,482195.72466119676
2464.4701914932366,5,10,512130.5641873905
3198.3851298409636,5,9,656262.5083992592
2228.284587275368,5,14,508403.1986275997
2329.564902836979,3,16,409164.6679461762
1996.3935642549236,4,7,457121.64525337436
588.9669436043332,3,17,182407.99310110096
877.6199944765656,5,22,315846.2066554317
610.0021499035698,2,8,139971.1613153262
2727.4364394232316,1,24,335991.58820380794
1600.2459337671435,4,7,386251.82423940493
2279.9974190764597,4,26,457478.72772904957
3676.4826587413254,3,13,597406.3527563099
1372.5228020210623,4,27,301208.2553045127
1936.340230624704,5,25,453923.5679456986
3144.4289849006705,5,24,581168.1875642644
1300.7935792206786,3,17,284989.48767671944
769.4296844007754,5,21,368014.83373063384
1514.1300851981882,2,19,268532.8454637829
1064.2745053890153,3,29,266702.24006964674
3753.941783199006,2,19,570686.8394271015
3328.421328475459,1,20,451957.72428055026
2716.913147786482,2,11,406071.2881406382
3550.112065657012,1,18,432496.80614744266
3312.8522691469007,1,13,433939.3869072111
1152.9952061011254,2,16,211005.30904776134
3623.9564947149224,3,23,531384.3536334073
2387.6978467047775,5,20,521342.2415503627
3326.040543074219,5,2,652442.591130093
3636.3195497322263,1,25,496740.6799731329
1613.0121624015235,1,29,207326.19811144655
885.1817358468686,3,22,239824.23608101322
1297.7730688967958,4,6,336423.05997381115
1994.877260191897,2,16,340848.6598368969
3363.051680728726,1,11,440073.8457636445
3512.557041397202,5,8,640055.0127906094
524.3324568591675,3,14,198650.45838979693
2287.6155590214803,2,17,365324.3250338777
1960.9385110207265,3,20,370418.08907075843
1277.377336647556,2,12,262203.2147076241
919.5287856678898,2,29,152382.326839333
1681.6530999126978,1,20,214943.52018922492
3800.183963693817,3,29,589817.8222791688
1631.2102620726432,3,7,324239.85188949574
2315.7671761017814,5,13,519701.48611881793
2960.5663561331226,5,7,549873.0577877394
1772.7036083275289,1,13,304043.3644455611
3901.2372895233625,1,6,506754.1041116568
3868.5655322973894,4,22,666106.9890754522
1381.2380353887745,5,11,398010.6077349831
2240.369770623349,2,10,367138.3430494196
1553.0740843586939,3,21,345207.28304994875
1496.9417303211367,1,21,231949.1280227041
629.1043157408648,3,10,211403.4182951993
2633.475168929639,3,24,439311.93376368284
2259.376581301015,4,21,470196.5209597875
680.1756293749627,5,27,351285.96361070155
1475.26262482814,1,28,202877.1684673576
3678.9306008832878,3,12,618612.9449168274
1338.4666173344035,1,17,188787.7058717243
1007.1320523192808,2,1,238895.05354850972
2213.084660971471,4,28,459593.27456152224
3949.7765893871024,2,20,545773.9806493968
1347.1934502902513,1,14,182721.65244879734
2852.4744159205748,1,19,396204.71368141606
3165.6686536505117,5,26,593249.0996932003
1331.7314039733988,3,17,274920.7702232998
3048.7572201415087,3,14,488171.6763809991
1787.2409645173864,2,18,285756.6489735781
2713.070407077528,4,22,520700.790941817
2717.3539876631316,3,23,463383.33198509953
2375.2113942616547,5,11,538338.5322065563
816.0141951904291,2,12,194349.29964481315
3423.558734562333,2,21,477950.24490254716
1622.7302274010754,5,10,448669.6844062945
1152.8147863994898,4,4,357986.85090004484
642.7129954416737,5,28,310815.623775387
2568.1253011588465,4,0,517168.1542715786
2871.4752664479884,5,23,556235.941842345
558.0574012474965,5,2,319203.22972918913
2292.3257040474837,1,21,287674.257896724
1292.7352131927828,2,18,236647.66842152184
2758.1047664330745,5,22,526167.2391874627
1110.2825015174699,5,28,322582.73212225456
2918.2820833586306,3,29,467372.8962040951
1853.5737120518809,2,6,305460.05200968595
3778.554960578571,3,11,594562.339138912
981.3233045109764,2,14,201063.42495901478
1693.7322286759047,3,24,329851.6831853117
897.1573243420618,5,4,365831.0277681822
3736.4276639749696,5,14,675105.9405637797
3570.6877368334335,1,7,467093.65218711476
1402.7956970030446,3,9,338435.90809562866
2809.9441611196266,4,25,512254.9818708557
3360.2777007042555,1,15,434649.1145920029
2443.202840598118,3,7,437834.59485823795
2353.777024246023,3,0,429225.95544933213
1346.4830181515808,1,11,186386.51631912522
825.8596873206473,5,4,325142.5657348833
3640.2551528366434,3,2,569561.9915373971
3651.4632000716565,5,0,705633.9677440145
2715.855100456438,1,3,360304.50696040434
1686.6042686704525,5,7,442294.0202037288
1722.233511144313,2,2,318682.7470399755
3040.8448760458377,4,9,550333.5617092809
3639.88590983402,3,1,598453.5354769555
3604.8024849279104,4,10,591760.4373427319
3229.5644105016836,5,24,610897.3956693641
2747.1107615400074,3,9,472231.213316771
794.4898774826709,5,20,325801.55975988385
1065.7004993311482,2,13,181825.68596296012
3644.9396598447775,1,6,505455.01210998936
2622.5017088085647,3,26,421606.74615759944
532.1896806582038,2,26,144563.5041842338
855.1504000311124,2,1,201777.33365668013
2822.2561918781953,3,8,500744.933501597
517.7155434617654,5,15,340875.641802896
1062.8281799612453,2,12,189732.0919044927
2420.5682627830515,4,8,469489.9139085162
2921.6331919244262,2,19,435377.8329077122
2781.8644082591018,5,3,558716.6626400363
1284.9425831119593,5,21,398836.7621325503
2992.6272747163757,4,9,566982.7254091062
1330.3718062388002,2,25,245833.59826855676
1638.898943557437,5,25,426399.5082444164
3112.7199179130844,3,21,529920.5657089658
2773.7151466652513,1,11,348733.3079664529
3472.281936729623,1,16,451979.1963144058
2801.6451230512016,1,13,358421.3573915397
2489.0801116741504,2,13,403487.94005220145
827.8616873983237,4,24,238676.57919767016
1787.0053107080173,5,1,462878.9599731025
1428.208286886039,3,20,308089.7681677237
1353.9637518267925,3,24,269525.8075197396
3905.5369416335593,2,19,537140.6323515958
1875.8420363336613,1,10,265408.62398748146
3622.1629431198967,2,15,538761.4807632172
2708.98519099042,4,18,486420.83834710927
3281.8395623957695,4,22,554651.7486799987
2259.229825868172,5,5,538619.3345249876
2519.1635961922566,5,23,523840.1235446741
2223.8119283660235,4,18,433306.6506070233
1183.3504572931556,4,4,352575.750819517
3028.582403415269,4,25,528665.9484651873
1482.7032685429954,2,3,295472.8229319349
585.1058825100885,4,14,242938.29836161635
2759.1530356750873,3,28,449906.4730445105
1119.8873779246715,1,3,200285.9186587352
3791.6050452352,4,19,631467.388004749
3838.7500195090556,1,9,516771.0687826596
3702.02536577157,2,23,519932.09175696824
1795.5554508940554,1,21,284100.49023528723
554.098157851036,2,2,195867.35102418132
3749.1149690570387,3,25,548331.8710381697
1998.6445191106002,2,4,346282.2159182322
3883.2918666528435,2,5,544666.9442763204
3872.669919812385,5,20,698550.5291533408
3485.53309413576,4,21,598631.3838824964
1530.57112224355,4,7,355560.7943273763
1847.8420501067385,3,6,386910.73688341514
3478.9783503089993,3,20,551543.4609084614
1609.2270180469718,4,9,378413.58145218494
1093.2246134013237,5,5,367424.75712328695
2448.8044186042252,4,13,483652.06962783175
3776.5417095627336,5,3,708343.5054978137
2936.1042883624054,3,27,472832.99887632334
2495.2140953127773,1,24,268775.3000220091
840.1177281976899,3,12,239151.94170857244
2652.525293447094,3,19,420473.39398145577
3965.1884753649215,2,16,555633.5657308091
990.294053327834,2,22,168744.00125794724
2314.1537832730783,2,6,343368.5012911801
3570.805751747844,2,3,550199.1266487119
3092.6901621397155,5,28,586720.9798378781
2939.5550934834378,4,13,531813.3680215742
2958.6942939548826,1,2,412693.79625115776
1758.219029269143,3,23,330574.4730508481
1527.5714549257268,5,4,471384.69643363537
3332.7640441747976,1,15,429471.2900864553
3335.3968813771326,5,25,632550.1340049161
3534.753115030363,5,22,671589.2004311808
3696.3419339476495,3,19,606606.096585856
2289.698396013282,4,3,456923.6848084411
2255.3070314051984,2,23,339277.5736918509
3294.033126383713,4,29,591775.8126719159
2774.873757722178,3,23,476186.0970077152
2956.8840704019617,3,1,525329.6071616046
3285.2743430263536,3,29,487858.83029196906
3615.018696361482,1,17,497762.2386418582
1682.9830489803753,4,18,368729.815011949
1814.540334239804,4,27,394590.6996716144
828.9367894430416,5,27,319507.9571813296
2523.980493486609,5,18,517308.00248743163
625.7979582885973,5,16,280845.03972621163
2129.5930634636106,3,13,357674.20528297534
2399.2562214765185,4,18,472291.1146982617
1502.8943824489954,3,21,278840.94408921036
2567.9164119915376,1,23,312473.6575372469
606.750874786673,5,12,306449.38741043635
630.7186606222505,3,11,161910.06926947206
3379.101962308804,3,29,542071.8297179365
1760.66724493942,1,25,188082.30605059423
944.7117942815967,2,5,206817.96748713613
2327.8514101918154,4,20,459642.55375490367
3194.9774358451377,2,3,491158.5267050527
1255.373596238951,5,18,381811.21550087625
2680.116665366501,3,15,496972.1591206449
798.716127478188,1,12,138172.2729287526
680.886024090127,1,3,149778.57087568846
2359.741210488518,4,29,439699.6890812164
2392.222925635373,2,22,367481.8872000341
2731.004655243723,4,16,542671.9605298253
3041.3196680293154,3,22,488204.457669725
3915.482278118871,4,0,673702.5686581691
2307.0512190541835,1,17,329463.2152692515
1630.347655294361,1,19,211797.1282314906
3283.1516816904627,5,16,584746.9951364717
1447.9128794172598,5,26,402861.0186043185
2036.3999724697264,3,27,387141.38008352724
774.5973346979308,2,26,139922.76486591226
588.7276019541013,4,14,270051.71018003894
3869.269451372738,3,10,617851.6619115192
3425.9304217927206,5,24,591641.7254328204
2935.909721327943,4,27,506583.3939112177
1931.3353054499446,5,21,452843.6610393601
1106.5301202479602,4,12,317191.1344250505
1047.5296493488013,2,0,210840.87262649648
1375.8501435760836,3,16,283161.96115748637
2422.2933264714216,4,5,519104.8570002124
3001.085729450218,1,3,404979.104896848
2810.6908185120596,1,19,354382.0250184523
1479.7686393108,4,15,361748.84717904497
3842.028482321179,4,14,657785.2345397644
3082.6392084351896,4,26,544949.232546447
2440.239183789902,1,14,324714.1502382288
2641.0226118202327,1,5,348922.38004501886
1968.6002184972647,4,14,408989.4093103198
1367.0584632540513,5,13,389090.8478607789
1745.9043752794155,5,27,439284.8170497446
3152.461386625292,2,10,448411.7645469993
550.3772102041455,3,6,217910.6496939019
906.2542417742068,5,8,379010.40412544145
661.0092470761347,1,25,110835.25680540016
642.5508081163955,5,15,304714.3863956247
3494.1120440385253,2,4,489330.9075835304
2962.802507830083,2,24,463098.43709784024
2159.608401805638,3,19,366752.65520469827
842.4195622785052,5,28,340061.5881629356
2220.6555629089135,1,9,320249.0247609593
2157.1511977319797,1,17,287122.7716685564
1106.2065446850531,4,2,325485.20928659284
2018.4807723329056,1,12,243503.46719912824
1894.7665703908071,3,10,373973.28846314934
2655.4753431827576,3,16,465055.56782984704
2722.8277780367534,1,29,325957.73104145436
658.5640342021559,1,29,96911.25461767665
1811.1441511926494,4,21,397094.53644329694
2690.509704999827,1,12,372552.6171589706
2260.9769050303066,4,5,466393.29012610053
3497.714444159128,4,16,571199.3462198637
2805.4277106663076,1,26,350052.56989070715
1070.2704947850038,2,12,220924.97508198087
746.9906159015045,2,18,188469.44074897573
2748.467473722105,4,20,497463.36465876765
592.7895868956764,1,18,146887.74791848156
2550.2145344571213,2,9,359136.28275811527
3790.8058449873515,1,2,491622.69789732416
2514.1596225655767,1,13,337038.4826380138
1858.5947417228267,1,25,244016.38573568195
2751.5087645482363,5,18,537538.2051494918
2103.8851167203084,1,4,307423.44896147284
2409.6587626057726,5,28,518580.93253897113
3795.126830717838,4,4,652374.4486057715
1851.3592323027099,2,19,309799.9851414955
3864.1669733836998,2,16,539224.5085770834
3668.727246846223,2,20,487900.0106193754
1185.2689717625376,2,9,218899.47921045963
742.7645530630791,2,4,188272.8379957583
852.7230048209933,2,3,202581.6488754471
563.7763897804241,2,5,163480.74782536787
830.5503626457494,4,25,285640.20887719054
2890.523706957249,1,3,382239.9239258696
749.1602696108015,3,29,211432.85349550692
1616.4147060281646,5,6,449411.6202914782
3457.063588393091,3,6,557149.834237124
581.4517750753905,3,17,177907.7344409249
3350.639689061275,1,2,430846.9952942423
1486.4917117068999,1,0,244996.05189041534
913.5768966757969,1,23,164478.67085994707
2938.5800787745275,2,24,452135.2716094243
2701.299963729594,4,3,525799.1146423919
3571.1520473446853,2,5,499475.5936410284
3072.7486533136002,4,8,560602.8072621747
3312.18325634697,4,21,607707.0934006448
1487.1210039995726,3,13,327824.2880890782
1121.0384032290299,3,27,253375.05793380612
3127.1516307430043,4,11,576830.7003459848
3323.921587435424,4,27,546482.6863599388
3966.7679970023564,2,24,538098.7320833188
1944.1618691899928,2,19,292615.59648235264
1802.063300274741,3,23,352639.0323999376
3217.445362596989,1,24,426375.5135060405
1692.8123908855625,4,3,397060.96636230015
3757.6506396124764,2,20,513459.4832187058
3504.4446314505412,3,29,541138.3739033724
2001.4790958125643,2,23,307445.89368403156
3128.048737270241,4,11,548442.4343785541
3140.900059296388,4,9,574687.8808217515
860.9335409257642,5,29,309152.1804607182
3658.9351733784833,1,21,436745.2261461361
2268.3833035674998,5,27,468323.70702083624
3392.6011313770955,3,6,519046.92642893246
1620.173603607141,2,2,297371.070764381
3634.3312997367016,3,22,567127.8647319275
1862.205875569571,4,27,398475.10695851175
537.9317801810442,5,13,313306.44667132414
3668.8369174674226,5,23,691099.607218433
819.5033687514674,5,9,327495.0736336738
1617.597731566452,3,15,337241.2773327426
3825.2168846778172,4,15,612433.7160132206
3827.1250142814465,2,21,565829.1966390406
2507.032608431501,2,9,366947.28824741696
2711.4302425942974,3,24,437170.00673050695
2069.559326924119,5,12,474392.9289562324
1526.237700943226,1,5,197623.10417874285
1650.3259087947058,3,11,337690.62060353596
2853.8145962696344,3,8,488735.82891638577
3133.31085303188,4,12,560209.0289441947
3270.5266530404697,2,3,458658.24572423485
3263.6634997809388,3,23,558307.3446707468
819.2213606704163,3,10,249291.17921048292
2230.4710664590352,5,19,551340.9688480834
701.455660058255,5,17,301072.49440926476
2423.3510881330744,1,25,334959.7751395085
2045.3567548068195,4,10,451028.2883247016
3606.9646396540493,1,24,453024.2546965387
1728.2025439322754,5,20,465605.3232930575
909.7345574966205,2,3,198059.9467473189
1000.4708871849255,5,17,345838.6780736989
3165.287211011153,4,0,510405.8674825707
2663.7632216069137,5,26,551832.1476676824
853.9293664297659,4,6,269961.3257379238
794.3738214024911,4,5,279310.4346543887
2953.39196010692,4,14,519882.64243792987
754.6705222746773,4,17,266235.83188659605
3376.5102075162467,4,23,591058.8295062983
2971.847795047737,2,10,446844.56666670355
784.7207322466492,1,19,139359.31367971405
796.9319992981717,3,23,247944.43062749325
3953.238524754114,1,14,503012.70423693705
1809.9477851464212,4,15,392622.38937724824
1797.247514734118,2,6,328824.2548413344
3344.798485401259,5,20,652116.7640229497
3815.3700208435052,2,9,563656.2198632815
3951.003723380048,4,25,630076.8706708188
3136.823648406296,2,11,473871.9391187876
1816.9085493582052,2,23,297218.4380039304
792.2525084453407,4,13,303120.8798404341
3220.014205746029,2,24,450944.2628987685
2454.4148740753176,3,4,407197.5790660398
1984.777032364417,3,25,376977.9798913355
3672.240347831576,2,20,469501.47407464706
889.1911880715297,5,17,325072.67449065694
2224.187865018007,4,4,442438.6335757949
539.7377566859667,3,2,192169.83738420106
2140.3122469794416,5,22,469856.8402184311
697.0614648864307,2,25,182994.8471814043
915.8627069382517,5,4,372314.63321271766
911.3418637198671,1,23,131326.41000653396
2772.2360574062227,3,16,489340.79632592766
3111.1570774289817,2,18,434092.90618815034
2541.7906778400584,4,18,463049.21362586383
3867.6039196608967,2,24,557384.4035442394
1812.0470283329641,4,20,409038.50798640866
1499.9923019865125,2,11,259793.80820671504
3540.096948663111,5,24,628102.4159656108
1282.5854348180842,5,28,405104.88967892894
3871.2788880421394,5,8,672151.4155461004
542.5406614143571,1,0,103136.36066285164
3894.5758934767364,4,17,654920.6377675664
651.0596918270164,5,20,344170.4591878709
3619.0008979432487,1,3,488942.1119946543
2346.953881802049,4,9,482240.5588765119
3975.376786417551,2,24,541657.5403671436
758.287976573896,1,6,146364.1616943595
2438.4899954046227,3,21,423724.9858661365
3892.5588746668464,1,22,463337.7741516704
2330.842454595521,1,0,345559.79162132466
2702.895233473419,4,16,527755.2958137472
2935.1204114461602,2,23,445281.7503499625
2090.8937266872063,3,28,373573.80571578076
2696.453280294222,5,28,526450.8559723138
2545.100091730851,5,1,508228.3363820049
3654.0530367184615,1,27,464627.4365142444
659.0623311951026,4,25,275726.3209382293
1483.3711635728062,4,10,387915.18901039835
3826.4401942679556,5,8,717494.2801800317
3615.923243618207,3,6,576426.569663197
2094.7986347499955,2,21,352125.1196506294
2670.4640923053785,3,16,472938.92755376344
1470.8341404339644,2,16,252047.42563764454
1158.4240590331647,5,1,401542.8474162967
2122.9444172899375,2,5,339034.1471666067
1736.7327980911848,4,13,406208.42040328064
2542.796391478052,1,5,324153.2340913449
772.0712293774469,1,1,117204.3113518352
3910.3818268315827,5,0,740409.9601586681
3951.73760567861,4,9,683959.7151255285
2943.565999069108,3,20,495900.1506998096
2376.337282204421,4,4,482919.8502855872
1583.3466570021471,1,1,191176.11021977468
3348.2825689743204,1,21,429296.3895127887
2896.5591039385777,4,15,541670.7558164261
1069.1592877071196,4,24,293604.44957366254
3688.2451457284487,1,1,477339.5336312491
3378.8803502310916,3,9,575354.0497908049
3824.299696521734,5,1,706710.1837547759
3040.01827935926,5,15,608898.0969159588
2646.9531857752645,4,15,518117.011525419
1963.850627017166,5,18,447633.3337119583
3764.5496917390465,1,28,477610.11146296945
3531.2236132514295,1,6,494139.7234797175
658.265345371663,4,21,294376.30511059397
592.284410740382,4,11,260872.85723313963
1817.6217840731736,4,23,390355.74314183934
3336.9366577364153,3,14,541812.8802911205
3955.4664526023057,5,7,722528.7152528272
1026.4591188623485,4,5,345910.2555861049
2579.457503732473,2,27,362607.0666645554
1833.1179982085753,2,26,288376.6980617086
3894.700392351111,1,9,486021.22054460313
3447.4162309749804,5,2,641448.0500010462
3434.1504664889826,4,18,601629.5362814604
2140.4260592823957,2,16,357048.283946628
1951.8682581818282,5,6,465236.3571069445
1456.9247517574718,1,20,220272.86599040238
697.3142382782449,3,19,236909.28173602876
3526.5283168926862,5,25,686877.5179957901
3345.1535319552713,5,3,649813.3608114535
3999.0118565014573,3,13,604086.1322312922
3988.228929758669,5,19,689538.0329389224
2444.010969609196,1,21,300245.4523947056
3191.455953131787,1,14,443970.3284038866
3806.680054588498,3,23,553499.6996915067
3473.76586737094,4,7,634206.8737975368
1365.7183561011918,2,20,226517.38214710003
2076.9044735853277,4,14,421524.41287305125
952.0579530302325,5,21,340215.8452634283
3839.178595405528,2,19,527628.3404573331
2621.61122057808,3,27,456232.94156856113
1300.2498192621197,3,13,329296.85735110985
2850.9523954204988,2,26,402965.64429939707
2663.448841602635,1,28,332969.1042090237
1753.5695131149419,2,8,299161.92542811506
897.4515726987015,5,7,361515.32399369695
2850.5061845747987,1,25,363991.0565698587
2321.076953163277,3,27,429274.3826006451
3203.114371074738,2,25,482306.2028602071
2320.5722538919767,4,16,438759.4233951352
3482.6352511148903,4,1,627335.5934452834
2431.6739357106994,5,24,548207.6570314739
2463.282900373852,4,23,462698.3291295246
3568.2876093042078,2,29,493309.21568063385
1912.1900317433897,2,2,316902.06385214766
969.0532995772426,4,7,299144.883638799
600.7393670966865,2,11,127719.6930133814
3142.9803948576664,5,0,600591.3483536189
2671.083429737126,1,9,363079.4859431997
2964.2791883472823,5,19,616985.4620947294
1245.3745652811876,5,2,385177.7315833768
977.3001645536942,2,5,199420.87368747217
550.9063298375868,1,6,144139.1809889251
1727.0564558230894,2,19,266081.62546245096
2564.711903991216,3,22,402540.5652248175
1872.854157849063,2,24,284172.1902191376
2031.1622270830517,2,26,304483.7776740789
3664.5554307281195,2,17,487797.589993473
1718.8941345815513,1,10,243706.46202429393
2298.963212059338,2,18,376844.5124443512
3242.785544594001,1,4,409415.16987698356
1887.8997381244455,4,18,410299.53295400523
2677.303450797557,3,10,469195.1276082423
3518.272980613608,1,23,447525.07216814713
3823.322182801747,4,11,651512.5137310309
1014.7571832516328,1,9,166717.40724210016
3743.0566880652304,1,7,475912.243429459
2222.4070257783837,3,23,423660.4945336434
1403.8553590463544,5,27,416417.77976708685
2106.9751468339146,5,27,499635.24556489306
3930.1140134991697,1,8,533887.1964307777
2224.1633289750434,2,3,332400.0100883447
1650.6306360062788,4,4,412596.9238769928
2716.90299010854,2,20,419140.387364015
1340.5096657236759,2,7,223130.68758796545
765.5216483803238,1,22,115564.39070263729
951.0790266872723,1,8,161665.35218897843
948.1604363522035,1,14,183065.59432475714
1031.6594272930301,1,14,174293.6084330488
985.8951042729354,5,15,336016.0979671862
2743.0616068112513,1,13,400075.16198638943
1136.580295397007,5,7,380265.23070191866
1709.8354916335213,5,17,433063.4362579607
3638.7594346710416,1,9,471108.76822874876
2158.865740920053,3,27,349592.78414994373
2836.452084823595,4,19,519178.86010250857
1103.1195492057045,2,5,237324.0510507977
1173.0115658303478,5,11,372053.7213491374
643.040156932676,4,1,284573.86837687227
1091.2727207525759,3,6,257664.9050720255
1475.0661866118553,2,15,259189.38410787025
1119.5366949686138,2,2,238675.2099284063
810.4588681496946,5,12,339048.2817192318
922.2255488521029,1,2,126557.76406787142
2112.7256881145404,3,26,368746.96355632023
1222.1680144202737,5,17,413209.420336685
1774.944513668264,3,10,343144.42015358136
2261.960447991999,1,7,314751.40464127663
2916.3819002027785,1,5,393230.7130133545
637.5924894438463,5,0,357875.8939116546
3297.9363961816493,1,27,444559.7299856913
2697.6513632181773,4,0,539868.7835825575
786.1566118210517,2,22,152873.94715107552
3557.52518437372,5,7,677086.6831086881
3723.053401861346,3,4,604125.2430848641
713.7728594920231,4,27,244680.64642712165
1469.071768515213,5,15,393878.2701048718
3321.7044792757147,1,10,472704.82045722636
3118.9089163428043,1,4,414253.0037167979
1145.8235677473208,1,3,216798.36450790148
1232.722631678486,1,29,188868.590911309
1796.652359769837,3,5,368755.81881988683
2195.8304481685745,4,13,459550.2825074186
2663.891700356036,2,21,370658.61283610895
1791.1977384942033,3,18,351079.2242159927
2118.8715064660173,3,8,424604.9890355546
3116.148283468148,2,11,476564.58407988993
628.3912101170927,2,10,168493.67895533933
1383.5293052040727,1,13,237262.26054082933
2996.7235505959334,3,22,483906.0116182959
3633.223931905198,5,15,658595.7583281901
2290.871047404831,2,0,377981.1640101449
2362.3971984286045,2,12,386817.0111736645
875.1020396892161,4,22,248656.3628465407
2065.9432838820912,5,20,483610.56693565927
2364.160432592581,5,20,529906.152221836
1348.6467627215538,2,29,227444.77902064924
1442.3513083228333,1,12,233221.45232479286
1820.4945708661792,4,1,430283.0817521629
570.2491922220423,5,3,358257.5654368666
1627.277079541124,2,27,253261.1915933106
1240.0680244879063,5,5,410422.3599484705
1646.2407326227012,4,25,352202.4097587761
919.1674613673792,4,26,251992.766338551
3616.8454825896324,3,22,521310.84105439845
2577.5735874391703,2,26,394075.310940639
2876.8581170057137,4,4,544907.9323195678
3262.099335125684,3,24,507870.89906784706
2244.5476962517005,3,2,381875.6368712118
804.2210083059829,5,0,332698.78847394447
2379.8728963649173,5,3,532666.6077172991
2553.943913073077,3,24,448336.65690463124
3109.038159645155,5,19,603753.8641524661
2010.8084118038778,4,1,445338.2162705709
946.5310597844732,1,25,131061.07955465408
1493.2156702955358,4,29,385170.3644860074
1770.7880373952228,3,29,313129.5716008622
2760.7103446606043,3,4,463300.47701356997
2497.7240663411917,4,2,487879.7264810727
1746.3385406424618,5,28,442414.71283662994
3952.803370775429,5,27,676559.2086973139
2620.211867749105,3,28,439139.7959408526
1330.2937710759807,2,8,254933.45539764882
856.2386541714131,5,19,319861.479085902
1035.006987145162,4,5,325800.4276765566
1360.8520493457786,5,17,376145.96794674476
1062.384806408445,4,5,300144.69391977845
1152.9845841795702,3,18,272350.2652319772
1497.8330904284649,5,27,369544.8591418545
1106.8075835316417,4,11,278920.85597279225
3638.678986192488,3,24,573298.1443590346
780.8181098157477,2,10,204677.57202971313
2335.789863495891,4,1,469958.7212456563
1936.3888944638154,2,14,305005.2542937025
3938.3251591801222,2,11,581709.7236211058
892.1361575881832,1,11,123145.57455060357
1892.4945966600958,5,8,441831.8991047883
3893.146516463791,4,20,661330.3104498247
3529.274940628931,2,23,500693.7566057179
3359.7522483224798,1,1,473467.8045845023
1402.6598946572894,3,21,254513.86978331514
1098.1065558652303,4,2,301759.3068814564
2840.2512697355082,2,11,430116.7935651441
3752.8159619465505,5,27,681691.3894032618
2448.670125548754,1,29,331780.3568196396
2500.6444131446497,2,25,378573.6849535335
1479.9268278109946,5,15,415884.32244449074
3193.2252661717794,2,20,455399.00108000956
1154.6531199513317,4,27,343376.47249225015
1632.877327414853,4,23,350884.81018037244
1989.0275351574587,4,25,420863.7072700138
2276.6363253955924,1,29,274440.18235571065
1348.4340634527807,4,0,372507.6585304339
901.9288865872124,5,20,317491.1150027102
2637.1701485457143,2,2,429336.73179549485
1510.2069363408953,3,19,314466.9312973978
2534.333774979143,5,1,588012.8364626708
1040.2695034597082,5,8,361211.94746973325
2183.9903564918613,4,18,452578.1651039742
2364.0630139305504,1,14,304094.43606245186
681.3823788784941,2,17,159008.02533659342
1678.114973678722,1,25,228488.78643033368
970.4513692864098,2,10,175909.7658649417
721.8123966546871,2,24,134265.008914867
3964.860813364808,1,22,515780.4836004898
1628.2384574115304,5,15,427466.8784587501
3334.560560491222,2,21,467288.73659798625
1391.2422916731734,1,16,186209.3513924457
2885.259527783752,2,4,428261.3674195764
3160.797509613903,3,11,520546.71545383293
2584.7355921274548,5,10,559068.9883376183
2150.5166599255544,4,29,387219.85459856206
1941.4431995154398,2,14,347229.86507725064
1721.0389329004836,3,26,357358.68720689794
3753.3520048673904,4,2,601789.1453131489
3407.167927257052,4,0,630578.6851973021
3877.5941873327943,2,19,567415.6795065562
935.0402821994065,1,28,134213.7437476797
3058.0361632127547,2,15,426020.967147833
3784.1915988736323,3,1,623407.5536981373
1134.3157315798105,4,1,330293.2664636302
732.7369357837213,2,2,196906.0091704257
3093.9222725152067,1,7,458654.69814106036
2510.6558961296914,2,23,383315.44254803535
3446.400718653952,5,27,618230.392404103
989.2033181920133,1,14,147989.77828464715
3283.4355915096157,3,6,522223.3637763342
1205.695620167106,4,5,348353.2687690232
1072.795800029966,2,8,204614.14482859982
1074.9302927584754,1,19,150534.60668402418
3351.0115208098373,5,27,599432.7750090285
2828.1902724367005,1,0,386741.0925820212
2330.7289866919177,5,7,526222.5742690712
1755.9066944322587,3,22,285013.0423895212
3570.201892845879,4,22,611615.6983711099
1873.5578759792238,3,2,371912.9404955713
3358.0980381505196,2,3,484671.9256029398
2036.9721799957645,1,25,310009.24008488917
1819.3055029871766,5,24,463486.1909105563
2119.3792498436223,5,14,468397.46025820664
1554.8225595744973,1,5,248343.44474036247
3116.632830616879,1,14,434885.9011944466
2259.521365323677,2,20,353782.98229119234
1312.7444330138605,3,2,312758.1727006098
3648.51100646099,5,24,670588.2541137506
1843.61927480624,2,20,259517.99579828302
2402.4350138989603,3,20,414554.8097308672
3672.652388375914,2,13,522940.0297654291
2684.832985698972,5,19,581783.0710150743
909.1431424792743,1,13,152771.7343687504
3789.412432647163,1,3,495777.2726753256
2696.9781857499624,3,11,460834.8874701753
1672.1696512998014,4,16,405128.0697885242
987.4522543218554,3,6,258802.57725371633
3279.0881624460358,4,8,571526.6688316921
2670.2546457497974,2,2,412916.5136315584
2367.1138219171253,2,27,375867.5815065087
3628.624040678352,5,12,683358.1829933609
3260.0902392858575,4,14,578096.1881812853
1030.8620790646291,5,17,360534.2354766521
1591.0272372844188,1,18,211728.41900222062
1369.7119893506301,4,0,360486.45071322256
3103.8120240043695,3,5,504191.356445034
617.3635215752279,1,26,92188.03690303248
2494.6138970496077,1,26,350277.2329184854
3168.605400092417,3,22,486675.2117835462
3568.679728666123,1,26,438467.21411147644
1697.286120505676,4,26,352588.3572019661
3374.400566352045,5,1,624509.8928184934
887.2110793432253,1,23,129729.8912372812
3462.5830210708136,4,13,590157.7788924819
946.2103181619384,2,5,243779.01679527646
1890.5055169612854,4,13,408203.7311117984
3290.5337802284375,5,3,667651.990896013
1024.710995720708,4,20,322325.44898529764
1302.379883314245,3,7,295106.50289322913
3027.883989375732,5,29,626548.7903668004
3020.1278779112604,2,2,465786.0250786474
2744.0167150985408,3,18,491542.19113190466
2928.81955563485,4,29,550390.2845078072
2399.5355517165867,5,13,533237.225908086
1381.2967061743348,2,26,254778.2216970372
1709.935977263718,3,19,348673.7455740357
1135.5920088049897,2,16,197385.8124287646
3679.576964667699,4,24,618695.0428491842
2541.8712816814214,2,7,419509.49848066375
1902.9799586727397,1,23,285881.32138796203
2117.0203127544646,3,13,376629.6440938967
3815.4916886413534,2,25,543435.6286732227
1036.7299109062806,4,5,322424.99357430433
2551.80441205879,4,22,481859.0481554229
2270.610376095631,2,21,358593.29771597625
2640.0898240212673,4,15,506170.7270958748
563.3856433729418,5,24,304434.4285822048
3552.43368130453,5,18,687126.3769755446
3762.413988692643,5,13,704172.2304604112
2477.966142562231,1,18,335567.7622849218
2938.277883569123,2,2,487885.8471647563
3728.747834120535,1,9,510648.3320120709
2975.3352200968952,4,18,537192.2576395604
1033.8866501999146,1,8,141723.98997693165
2517.0092605838463,4,27,455284.49765165226
2623.502662339996,4,19,514484.9684471122
1984.457349558351,3,12,363528.6323619425
3077.55482468653,5,6,593145.4694201446
3770.2845516915518,4,13,624272.4396692421
3739.489795173717,3,8,576991.089179032
2077.9377999144626,5,26,490365.4893453805
896.3331604426434,4,27,277425.1377374717
3946.944196368171,4,22,624185.8115581924
3436.1433025607694,1,24,438958.09426253947
936.319384211434,1,27,139803.6487543369
3722.9465891608033,5,18,669166.8534704794
3544.637267217449,4,14,634474.1737499479
2315.9331999412525,2,19,350493.2062791046
2569.4640251072524,1,13,367502.4367456133
1896.509463545456,5,23,466516.79121895425
691.6657358771097,4,5,296531.9984661413
1673.1903457606531,4,20,358811.8246751505
3309.98707009304,2,28,471164.65225592686
516.2120805161101,5,3,307888.88957043784
1667.2471009190047,4,7,364629.52161212993
1893.5904275683015,1,16,283332.0659042544
2380.88461028273,2,29,340358.1352957806
3719.4946574446617,5,8,676148.0023166398
1712.2109802808643,2,0,285199.00092174916
1714.336206636797,1,23,246744.0713178231
3081.2543683841195,5,19,570231.9298306424
2082.762793114325,2,24,338289.03118301043
1286.116880289937,3,13,312224.30535966164
2083.5383064644266,1,10,300768.1653282464
992.9995713292994,1,20,163412.5182364445
1117.3544527717816,1,2,197273.46372417462
2244.287204588179,3,8,392325.9780160662
1966.2390732659176,3,26,388643.388385197
3701.96065373835,4,13,622033.753365932
1768.3786469082158,2,29,281877.68527718645
2532.059225973152,4,8,489194.3607497591
2712.9250077183565,2,3,432381.843343749
545.8305980591678,3,26,178738.92690435168
2822.380802058487,3,3,487024.0107317658
1123.12588404413,4,27,283068.2297423755
3863.746111143093,5,7,729942.8375072026
1020.3195471358954,4,1,334853.1645753115
1951.184433044583,2,8,320296.9367273146
798.7238382752535,4,28,258463.8799925142
3989.0598814608156,1,13,528579.7507016519
2257.682536159349,2,21,335776.03672640264
2583.847560620153,2,8,404569.01358972176
734.7676708594962,5,23,338400.0962517677
3124.861646397122,3,22,486758.2551849109
1234.6695758345502,2,15,240532.3656825501
3643.1900130424983,3,28,565497.3069038095
1217.9887416870251,4,29,315211.9126291894
1167.407022322833,1,16,164013.05099666122
627.9238374683321,5,15,334646.8016340876
2152.234307884997,3,29,367316.7442308604
2476.9439664191577,2,11,349992.4979477065
729.9802379992333,3,2,248408.3003925287
3214.346658432537,2,10,451695.53201654775
2086.5109216180967,3,13,401218.9334912734
2335.36594264653,2,17,389941.9780744525
2042.6696142837984,4,20,437715.35128202935
1902.670713063641,2,20,329748.71160538675
2458.7411595787626,2,4,431449.9212880444
1043.3408607574938,1,15,179536.1125430782
1136.748456733449,2,19,224021.2826605226
3516.2496735473105,1,4,500628.9244961502
3811.4041174677145,5,2,740464.0049930573
1806.5826069791353,1,11,291165.3485026847
1447.6063560024381,4,0,363869.8924163725
2753.998401336555,1,20,333399.44099041854
1930.5695988433374,5,28,442604.5081925028
588.852244811207,4,8,276735.1016932084
1046.5340907816662,3,28,250767.26980044207
3005.9028009658914,3,8,498578.71641237
2806.23379668553,1,3,394957.68357836234
594.8359737621922,1,2,89964.21521799773
1276.9025667653232,5,16,390051.69398566964
1308.7617880582497,5,1,428420.5674639475
2851.6246025955493,2,23,430181.2652026305
568.9868821402746,5,0,332114.6222935075
864.3800369460084,2,7,228673.06023257133
3299.706298806163,4,12,582641.8901592663
1124.9063171901676,1,22,149926.92483581338
2784.6113774815612,4,14,543943.6661510882
1333.6397336635428,5,7,426459.1806603037
848.0448746577081,4,11,301931.2184540409
1351.1026684980893,4,21,337924.90020812175
3027.934261494807,4,11,552379.7043995366
3494.937638372,5,13,630857.0575620183
3405.7695259844704,4,14,616951.2737222805
1890.1423536645918,2,14,334370.1086303339
2838.2979779972616,5,8,556362.1023503357
1217.4450339553734,4,18,345446.0457527675
1526.0170559135465,5,25,416204.0798098057
3637.175364823919,3,19,547021.5615710543
545.5067322875761,2,28,113340.80385305974
799.2798579906382,4,21,282383.44834691106
1227.6018930110956,3,7,282358.1448831931
592.862713558369,3,20,237542.50263799768
1135.0240228142907,5,18,387254.850630693
2540.645463393923,3,5,459351.3183419153
1974.985927073743,2,19,328459.89132889704
3624.350988769412,2,24,537539.4622596729
3361.052466084543,1,28,442256.657764692
1696.3607309425659,2,18,295558.61648302834
1407.9820170095236,3,3,296352.61851519265
1828.923428585434,2,22,358709.75073837646
2566.032298801827,5,6,529860.2207100545
1438.222742880067,1,27,189335.87440360474
2684.521177471969,3,27,412047.9757684363
1932.9407826693414,1,3,289728.8570957062
2432.1651329819306,3,21,423882.02470352786
2026.4428519736084,5,11,497478.6710041282
1530.6301583967117,1,12,186894.30638551674
3819.5865743675486,4,2,678608.5022717244
3172.620279559163,3,21,493565.7255177073
990.3961151825839,4,11,304867.4298346327
3539.6379156426947,1,1,492387.97525074467
2206.0091938732976,4,23,446946.43694743374
3630.93279412932,4,1,641350.7864288556
3299.4933958156034,1,26,435922.7838959804
1988.247265642317,5,22,475165.4846758525
578.6425791204109,4,8,254614.951443475
1440.3707578473113,4,0,369515.1083769728
2395.719751313034,5,7,534723.9437306005
2717.1737693915156,4,22,486149.73045605526
1402.606899016208,4,5,383233.00106971833
987.7462592548845,4,5,319302.6297267358
3422.255828797547,2,21,491166.224814145
3945.4076324624325,5,24,723298.8470761213
2339.9156380594004,4,17,461387.60370290064
1100.8775004690624,5,16,362456.88011323917
1453.0756428177915,3,28,286676.5018580557
564.3673679161336,3,11,213585.42432845474
3700.0458229617466,4,5,645174.50092204
912.128790115494,5,25,321129.7708036612
2517.8076642998876,5,26,522583.0401737186
1459.193272405221,5,7,404911.1473182419
2439.623008805277,2,18,360657.3919803235
2779.9713592315247,3,27,421998.606473246
3404.096312975206,5,9,644873.3524833936
1222.474451162111,5,0,362652.6688178531
538.4854003046817,2,24,131361.93430977158
979.0997052408254,2,28,177238.07171134689
3650.0652464683676,5,12,697045.7307215162
3558.6152714688033,1,16,440735.13645006355
2590.945857596079,5,2,543689.77521524
2601.809011517787,5,7,547586.598598303
2827.628360911894,2,13,414712.5302793718
1113.7994751820736,2,2,259041.03297028635
3700.4418107373594,5,15,656281.6698274908
1965.6968371222558,5,12,466295.5304749538
1840.9848488732412,5,19,458559.48684807704
2316.2119684899317,2,23,372569.1030796319
664.3808837126926,5,16,306120.87492691906
1081.9917906462779,5,12,329477.0228674775
3083.1176574922965,4,28,538972.0344673655
789.7953377379426,1,5,166816.01005216743
2611.0323831323585,3,16,452967.63412449154
1358.7218838846234,1,13,204774.98331335344
1862.534649146918,4,16,386243.7980660902
1510.4280786974496,3,29,278937.93763792067
1744.854507627322,5,7,452743.37388796057
3016.6606681448593,4,10,523471.70173175493
1539.9260046811125,5,19,431418.3650089837
2482.41624103914,2,27,353957.02394736954
2166.176407696849,4,0,459448.023308992
2822.8490787692685,2,25,376026.55107722734
3778.904087636653,4,6,639592.4531475282
3064.002340235876,4,20,523963.069885701
1252.2913250676488,2,20,183835.83066128165
609.1409727144963,3,16,217933.7585124659
1417.9241550493878,1,29,223974.089387758
2582.7727574508917,5,9,573522.2026809859
679.9903471948762,4,10,285232.6554614613
2237.281865204327,5,21,489191.40046560834
2588.9499712091124,2,29,397791.80111605
1669.8536178593629,5,8,466859.4981145981
3198.1927131103766,2,8,478519.5621666711
873.0938859682013,5,23,308084.06286994374
762.9822360753307,1,4,127570.18235721224
3048.6606467126117,1,16,433893.20737247216
2234.2196067216946,1,8,308611.46944360004
2909.408387497076,1,16,316633.8921014272
2021.8956851131118,1,23,240249.01294016954
1362.407116336874,1,20,184999.87989757524
3366.858111859699,2,18,506739.47819151526
3297.9555763914273,4,26,564292.222118833
2931.4376479904936,5,6,616861.1508583244
1452.5079803048693,1,22,191777.71056563454
2565.807334041805,2,8,360611.02964030433
1763.4086392900938,2,6,295777.81354284956
820.5372566432195,2,12,193363.37082811203
3710.5975141178496,4,10,640510.7086809683
978.8652082163649,5,13,329361.6700008311
3825.8307383728084,4,18,634075.7645686616
2061.020205352845,3,10,441015.9094036229
