Price,Rating,Ad_Spend,Units_Sold
516.2448466111944,2.3348593939031717,19526.936120903807,1795.7210583792312
351.49818001230483,4.968153895114378,19283.283142896802,2610.253728568776
307.8697133944284,1.4113312642566296,5463.654667553722,1263.9240474963315
886.8266890159025,1.2118916241844033,2906.2900110293053,513.7510985080348
253.90976897640556,4.422410508216112,3817.368220022403,1799.8576681243217
483.28170479482935,4.7090594808279445,14338.677701160701,2289.249854025732
268.4558034342523,1.362341430184407,14789.418633612235,1708.118158795086
795.9736361029378,1.453709706983366,13810.494670935781,1208.0256295228437
526.935375977157,1.1326966310230953,7385.489367102524,1198.6081719751428
416.0293215011308,1.4180302505708964,4225.76185540432,1070.927207381233
424.9896765638201,1.8376792672011235,12034.46074709281,1565.7155409778004
866.9927860506815,4.880306475640004,10189.928469399463,1608.9264689158028
598.3965588649943,3.671440888958722,14847.848795323765,2002.0210380492983
746.0810660181372,4.114212102074168,9385.841495026807,1520.2809729894072
907.334664625616,4.1045576147660885,7434.154199042899,1413.6200260085673
911.5675084365778,3.1402949991168585,6576.092969821273,1034.937350413151
395.6581489040768,4.189955910852069,5017.936080945185,1607.2838649687942
957.2061368317468,3.3832301295598786,6049.1811475465665,1089.8362635149695
122.3882938131449,2.2581843904134304,2801.778338037926,1438.8707177958718
439.1520049145491,3.244440435073603,7590.283207648901,1651.300332392533
906.2189717579574,3.134034344538054,1694.8264348962057,532.3887804020903
347.1731918352846,4.293812215037283,4541.863096160209,1739.202932169677
345.7733052891865,4.9269088695266365,15188.638447769154,2353.0798611288506
372.36005657369986,2.644170261683722,7183.910784855831,1409.3436663527082
651.08204636223,4.053562713765439,13696.503322569533,1789.1315623353546
494.4994980529184,1.3990520161525342,14620.79933634827,1458.9805575657367
754.0613527180083,4.107325477793154,12042.521511910158,1664.7312389510723
905.4195783081992,2.4856676479729285,19215.25708594257,1415.7441594550191
706.7794374485745,1.1575606515587467,1407.357465839152,626.7279441811038
284.02004817781796,2.452984714248709,15034.4003611747,2094.9183912512376
939.413712124452,3.442571003686579,19216.94623486775,1738.0406500510342
338.04358601273066,1.4770006707258663,17383.162857705844,1907.413551940636
234.90486579534232,4.696137969721018,4189.961144295254,2023.2770308250035
180.9705509748648,1.3106896530913543,7209.58581878291,1565.2956218009695
607.045366599549,4.720026879332664,4276.584957652843,1737.8031264317567
202.3862162325866,3.828550071742746,12424.858912479378,2134.6465439123385
224.89829570136766,2.3188487016568144,14531.571657610353,1893.6016289944012
370.02743253594696,2.563001390836373,7024.4016178981055,1572.1394913587064
353.48770871601744,3.9632374589309767,11250.624905701614,2072.5176503209987
643.8155592989281,3.4058844035248295,14127.490831352705,1821.303392935242
835.0707515254134,3.686571685819781,9005.45651560992,1541.444656844064
785.2146905826032,2.55665846605392,17226.295078653726,1588.5687474407166
336.23600924482906,2.951253927230396,15659.448770468525,2079.602870689295
320.77944818738194,4.9594699361515735,2228.6453331608427,1684.5079805526275
969.2123770962709,1.8556914819988708,12801.380682725752,1255.5270658373868
107.41261743276411,2.6714247460885256,5471.185468235242,1666.7771130757922
891.7484797541942,2.167292750295869,11592.84702867823,1090.5308289228083
279.75566721016446,4.060446041759399,19180.88041002636,2456.702572542209
952.5558907807911,4.056050502662883,17702.178086492753,1679.2735282119895
408.0765563447677,2.1697818439895835,8685.811659187502,1387.2266905277593
496.3165965039271,1.3255612665319316,6538.763308542714,1043.3633939406425
736.4085525499429,1.0457307066888162,5453.709143756922,608.8434531705719
628.9021463259343,2.709802132969942,11117.782525373881,1390.4156145104243
386.1453967361405,2.6413503773430835,3170.72061190307,1495.5570204723917
598.4478242810412,4.953559514559451,11436.225154436723,2037.640850716822
757.6361959265976,2.8792083027907185,1025.3391503250482,962.0628398205703
138.1014513122429,2.0256734783016825,7153.1429841710515,1742.4112722983375
110.07937473013371,4.56491776412587,5178.751962781044,2245.255232670331
512.2602451656021,2.964271798614314,19453.157009254857,1876.109709875619
218.65295602316277,3.3967025408423113,14817.6040718296,2078.5794442081256
697.909862318243,1.3826748417128507,7643.414228782516,880.4234513739844
292.64721060469077,2.5316656293190962,2764.0566440817897,1304.915767814258
489.56599611610386,4.7768946978951465,10819.211299121856,1976.7165693604934
277.9038431868421,3.3580215367017017,5055.509745194804,1601.7781961326343
593.6352271742121,2.3780074205698467,11192.161372068798,1463.5052168564025
204.44811344611202,3.5026687225263724,16871.884729398957,2343.2094066036316
120.79616750873222,4.6416443583124645,12700.058489926323,2370.252149132252
146.01847429602748,2.09596240189036,13041.979971355042,1707.7181269510397
958.832597363779,3.0204668738826976,11279.575492193419,1109.9526814845617
228.05759674984225,4.834762615647021,18618.047019996775,2614.873412048143
737.6304278231516,1.6895845731938106,18706.151003991465,1510.886093334412
161.13358380054362,3.878655702386846,10741.740820397492,2038.7178517656464
197.34431701166395,3.4579240328119294,6809.430255726584,1785.6313556874093
557.9886262684013,3.7187005245625393,9732.153111709435,1559.2603953810196
518.3838371389093,2.4048785226702787,4544.600331716698,1177.239948826148
956.4222784958827,2.2555174939350597,13090.541991043698,1041.8991870070527
950.3519077186636,3.736838682353482,10501.754379862432,1237.213082108108
801.6477782882185,1.8621731404181814,2962.709078452318,588.0538906191198
641.8916471146148,2.6786189794360205,4755.307841272692,1116.2474712792455
509.4642856537099,1.752698584211672,10113.00716779101,1260.081012582935
420.56068089557897,1.033219364493319,17864.190823658308,1769.9711598535432
952.3787922779999,4.880229440152277,11761.42369199085,1652.323307021288
642.617930282217,2.726811914625676,13949.165003960945,1593.217516022601
621.165274917395,4.877398457679301,7441.542445134285,1646.6429891408006
308.7110095920234,1.5612940790713044,11856.816467840452,1634.4406601458902
142.02803609660177,3.349467117829944,9500.216630123281,2071.946307910415
950.6697217835899,1.8038961311649584,13523.468339840052,1100.5517626615674
382.36173296018853,4.160296507853099,1960.935755501197,1708.1145419321842
498.33012099201284,4.134811955043901,10372.704108540223,1893.23120725126
203.17594922713616,1.4504285961572472,6623.859877735372,1509.4634856478854
853.2318969183628,4.648257811505557,7197.516164280276,1449.65201515036
124.86864957033757,1.7785185888128985,19257.43119960317,2261.2730734980983
850.5916858891868,3.4519093663574414,4471.201441516272,983.6721361911975
226.2565115091701,4.942534480350816,6913.659798993342,2062.0935381893805
897.9077013680369,4.529586139065455,10687.958938886564,1577.3438287376205
756.7953736025416,4.826255714244676,17397.51201484285,2112.541318144274
248.2032362565746,2.3703950848724777,8916.731580921038,1722.4735420582974
609.2361935735213,1.4223025688778534,15133.44033687525,1541.9356262736846
381.3906829196975,1.7533874931578004,17271.107866081245,1690.3450918343838
260.40978902042514,3.0019795803064553,6890.31076061513,1587.0564103105928
873.2639794699976,4.1729187130932885,8462.253487235488,1407.3897016178598
463.17048985650644,1.600614576735501,7774.568250078769,1173.244474814186
458.68934292884427,3.6389261290430284,16824.2603637405,2448.0857251957227
252.89800732595802,2.2943104161580474,1842.590377118422,1349.6655566785862
444.7591084772008,2.364808289568614,6860.0006877449205,1363.3694989307526
884.4551616959651,3.6476709206317053,13908.762594307467,1488.9702248373635
426.81583944067233,2.867997678132881,11743.426491741511,1685.938792453675
956.4432062498092,4.248133172103976,9289.497826580191,1360.672385631513
951.6780092875487,1.6236740386513082,11259.016317206302,947.2058075651539
230.4087933766114,4.159793079068153,4754.107130738048,1793.5852645045704
259.58012817038036,1.2569409922296835,9183.615810552197,1423.6736361511762
876.4066632987002,1.77621552098242,10532.356699350632,1139.882733388775
453.48482703224727,3.6245988580126616,18122.59331713743,2316.0151066922604
103.9365840547084,4.419702626044285,5955.868093275551,2103.000743811414
346.4846377348339,2.010718510957396,17488.74154113372,1795.9701687896577
637.866093876004,2.3087664233156517,13240.586615693657,1539.7668372357136
819.3393693639712,3.14848299314696,1386.4757902844187,1035.1092629407442
220.0497553839336,1.8462912259572093,14767.99540108848,2024.5863700581701
199.4872279750618,4.244625046350023,1675.4856734320467,1806.6546502475117
929.8833882150984,4.094546580023043,19950.241409462447,2028.780293791215
776.0335310403244,1.5811668478631264,17580.09706613276,1424.543119086841
630.8016407002706,2.8553189272665285,6649.531203260868,1335.5490018994492
792.2681109963353,4.099311066618485,5890.813373737403,1254.0572143817137
485.9689251759746,2.349318124413659,8247.380560006568,1425.4902733226568
782.6101725782139,3.5324272908709267,7767.172340974417,1445.1873270417448
434.6226921470822,1.200852485830291,8074.41854932224,1150.3263913363987
319.6851152433421,3.434755042117272,7047.254376270128,1633.48426904719
756.1120791636718,1.610611920002428,12801.534730118297,1215.8359352450984
477.7050629415415,4.322333300457805,4121.009610691855,1570.1458573122122
983.2393938935753,2.421797854321914,17073.64455647425,1419.7171769015622
414.5366640772909,2.126215450912783,16435.64719659499,1787.162833340311
929.5546784779593,4.36355590684594,10053.180949250138,1617.659511914007
939.6662937103715,1.2005760922872408,17201.869340292404,1031.5747819655915
317.66765235827154,2.586435197337379,5695.756330575572,1609.7806822599562
818.399063429212,2.4800141623001255,1333.743658375372,667.8060291187713
489.76705463010865,2.1392014969982034,12764.950575566638,1396.7225000894618
925.7722545073133,4.647017328005909,9700.278732329592,1512.432663345235
505.11184537171494,4.003713574066889,11776.126379621543,1858.9763898213519
769.8733456036294,1.255692656767755,18087.448771349656,1274.6766875271014
520.2706682474181,3.8587497977398164,19428.585897752924,2054.770897016665
305.02068014157055,3.109196532515176,13054.609655356457,1968.7130304021418
279.41511605021765,4.603471577606317,15517.056207196329,2514.715698993244
482.888074830711,2.251782469393434,2592.3602362561214,1155.581780169426
779.9451913127934,3.2966479984383317,4053.596112938607,1087.7348789057298
644.5643366626902,3.003021098963944,14930.891294106556,1750.4692051572001
719.766360910489,2.958243624910423,9195.943671372037,1328.9581344024118
354.09371565874824,2.8244215980688505,9473.340137683708,1541.4851865361702
533.291811361845,1.8225179021291251,6863.545951073295,1032.2996680953006
139.9557384723943,4.022839689969571,12539.771286077132,2271.2839109269084
835.7791743623086,2.8053441309571547,4518.1358629078495,935.1311163379074
990.9029460158872,4.834065100010423,12911.409306964017,1706.5788071850748
466.1911563622038,2.043233708771105,4302.178285569554,1233.2949220479695
109.86728781838902,3.7309753585081644,2212.6946594845585,1807.4758184333666
252.81337559585262,4.762868318556434,7276.796085282159,2035.5718210718237
687.274189975377,3.65383329206437,5391.666498187106,1175.0105763358383
650.8713863834732,4.4850916304695785,17890.841132570313,2181.8961100455604
809.0782476269895,4.309923839028024,2044.1156235039055,1207.6292326800271
328.49560986496135,2.4404708619560154,4355.660158908335,1138.52842422389
787.2687239924206,3.400495759757986,11425.672506077939,1380.6802346048073
719.1856193713028,1.6250453592454224,10140.276626101999,1043.7318460434922
390.53304794245895,3.142103530782398,1871.1883491193294,1343.2820957823308
590.9393332512658,1.9216878872573488,1137.796132287745,769.9520075380218
232.54642764849405,3.9749472598097824,19773.290897261846,2547.294112294091
507.30805309202435,3.1122336875684984,13517.859306817925,1769.9781557272727
893.0776056000768,2.644909450526642,7942.71648712958,1017.1251617079577
479.0722418428517,2.0751883846679102,9938.212705601585,1361.2366410007348
855.6100358278798,4.994793927365148,6064.452288631452,1382.6728586700547
631.228028733725,1.2868420835397307,7552.601890170986,895.7437765047013
272.6890417921211,1.17424272228968,13331.844878096066,1666.7584906280015
622.9956202281068,1.8690296019754582,17773.424178480043,1696.591771950124
555.3849962413572,4.884289834511279,4498.470438542512,1569.3346975754905
458.7772016767456,4.916952673279938,16966.868602321054,2525.0207726969993
207.66739556446328,3.619710939088544,3309.575960847112,1650.2934455513962
475.03779746250683,4.520426668825619,5084.852248179433,1836.3087110912447
165.4861386156644,1.8558469233631816,1706.3304729432737,1226.7870523209754
188.89214625887612,4.888168376706494,3675.4253797669894,1769.8550204108285
474.3248796394444,1.5711394005582586,18428.75976381696,1801.5607711542905
374.8433337716173,1.404500752726633,9729.336185749193,1417.3781365730676
932.9898932760011,1.4488461569890916,2475.651373788717,484.0012863420113
438.1352248422435,3.2925116930902587,19234.809922740264,2117.8843620684224
782.0723098648901,4.123897602872209,17700.853847414353,1924.2926805316877
577.2227737296184,2.4666687114985324,15338.967896494683,1631.9334176078696
733.6771017781019,4.911583951144506,18735.9830470036,2155.203884167804
334.10438471385925,2.737680552473318,5182.458995879519,1556.7179011512878
947.7144755544962,1.6017942030928651,16891.01656719164,1235.6169163766683
577.0796472229815,2.863866992744547,14109.832730731818,1762.1805265957166
848.1916641567246,3.7161486616897594,17525.42574178608,1748.1225046079524
428.54112412850213,4.328903122017515,16141.319749109965,2210.103753150022
190.19021414547208,2.8350731598263716,7583.406200359675,1640.646474748922
706.3404829487639,3.37442730419667,15713.572203327856,1717.2199268001432
106.98368350368203,2.0693788486354134,5986.669756712916,1274.1141185001327
527.7636789089574,3.583666105622056,7243.2510975330415,1492.1099004615423
273.5217123998133,4.943887775801375,3050.208627236547,1859.5788564032052
664.637953991826,1.1962142903511754,18766.455703628908,1569.2950546868701
981.4778858240669,4.546122682820672,6529.063904605349,1227.3320582178394
517.9626156885813,3.249130011070091,10891.826838257584,1711.222082662816
835.7484308731,2.0083946382491997,8435.323892857661,769.7178252805984
557.0057682560089,4.819558840037032,19238.634291086528,2363.154029085029
546.2560279936217,2.9334172122355957,7365.9342478311655,1240.7738475537153
937.3811438609,2.3267610066935425,15792.370607031091,1196.7592362634298
900.9692818720133,1.7259905130833646,17252.90693799242,1288.1576128578945
807.220418669177,1.9778088410266483,9276.523452138352,1179.7939209304257
366.6301779851057,4.331396166365771,8185.264474605694,1946.0329553653391
590.5075741515465,3.4576400372686633,15207.17059771993,1863.2020629018946
301.5075099751165,4.652982477953264,18345.02362581845,2544.3871279597483
499.5250282418858,1.9278738086311433,15343.702928372528,1581.8719905825224
535.7917591838116,1.484554295395606,5315.400946245447,972.4908058703137
848.4760361523978,1.02435012390236,17877.847201316403,1293.0239532409742
906.4255287924938,3.031448150463975,8364.051681299828,979.5306335208434
473.15805615683007,4.993227721527953,11948.35882378075,2182.2108343661002
115.9340005659135,3.779861075274556,16797.27676656151,2441.051346105188
875.5964558104191,2.2335783678605843,4579.500580609352,882.649954279122
256.8508106512246,4.507434332104687,15905.69257787351,2536.030030386596
659.6937675013542,4.126889063951839,12327.093160302873,1614.7303020535835
122.47381039071807,1.061660664306157,17973.491194724556,1930.3748058840192
459.55582773450783,4.26744192216409,4267.437635027316,1521.7516696556138
987.3642719038148,2.202107028953984,8992.96250377764,721.4324625685497
190.6242409934228,1.5986938583344044,16824.01876446991,1867.0621412760127
481.3238367996781,1.9053233589482983,1365.4023656784434,1212.136537800438
376.4349551709569,2.874319217500556,3131.825968547214,1415.9711763777589
914.5793110494378,2.699471708272044,19820.739042377958,1808.0807795844441
882.4060971166197,2.155549197496907,6327.489393216661,947.9880560454283
313.9288842756059,1.6888732888281308,19535.320680755114,1926.4274914269283
173.06900834538806,4.048923158568677,4468.099469164805,1821.9434771591832
664.4245546550057,4.960439134939668,7860.7944171393765,1779.5466112139277
402.7318406953388,4.111166321678762,15304.519445567841,2228.478016266109
704.8759515454568,2.183747870686165,13497.78973752539,1349.0289078972123
128.90778046103304,1.9792358456485335,12041.325598652056,1718.0063515433555
220.05931165974047,1.870663504263753,11068.084340295143,2036.2537249466411
717.735009495379,1.5467802979561451,17025.368429630063,1428.7745043430725
291.133589772248,3.205322198769205,5464.022693834461,1590.558095355054
871.8289081861615,3.4216014878133767,9406.94761287685,1294.1722164108864
152.7317989391219,3.822010642652549,3953.5935509726883,1785.0771482089194
293.93378450701715,3.720853483734672,12322.890318883383,2078.6543189546346
998.7042236365618,2.16933324513353,5760.344061155083,851.8743570595403
489.7684923281134,2.321244021587386,7342.99922252433,1329.175425146938
732.6690971901792,3.7260581417693515,9953.763615847034,1393.9596680232667
264.3967439713123,2.3977905631345133,1508.641128359429,1274.4290456257006
648.881861486984,1.8504927584772521,2746.8207824959154,812.1175511922711
753.4954615324766,2.4973446147869582,14032.655193456172,1589.996114822409
383.0289722798595,2.0883366303119106,9150.429633632637,1609.2717419379117
846.00740077829,1.3532508848743112,17431.014217998014,1306.9459871395527
643.0758206250549,4.320555609106615,14198.76806923979,1803.1001191763319
450.2107086535272,4.412445556628145,1153.9178912991265,1367.3850708930636
601.8781540088428,1.8790012006675179,12717.534284575562,1411.3111265118944
619.0847626923319,1.259088798100807,2780.772455134612,805.4039166166882
248.98176342447942,3.955309749404718,15837.73041601939,2296.5044253248284
462.4591328802695,1.8461145034536548,19838.646077291538,1850.679113254315
409.0875292175438,2.573741957747441,11092.77709058872,1601.0197935435158
460.8124503212135,1.256541008949533,13972.810503688477,1486.7968806287226
784.9995296367322,1.9050783390337407,5508.9690570002795,633.1883558127234
534.2845667200054,4.171609113318543,9314.357131322078,1655.6224496328362
946.2845379153379,4.217585787660807,17265.811312491292,1697.8181006966533
364.30877202259256,1.8283392995508416,4181.036007178773,1331.1612077417064
474.1332204564361,2.343655380426758,6045.17650666148,1215.4753167690967
808.2611294311373,1.5369536763749743,9463.239830434573,990.338411548707
591.4221339886752,1.2966905211396895,14532.728945036266,1417.2066925841757
592.325331782003,4.968686857793638,8141.795141117803,1938.2934473986911
148.00614670466516,3.622375804979357,18626.913315877075,2634.072420781475
458.73969644661025,3.168386036793275,2794.683974105664,1308.9214127378364
343.66035917955924,4.061994001621198,8045.2797533521025,1823.453954693341
999.4016105480039,4.3603086387508965,14470.128345140016,1529.7832241766073
377.51956356907925,4.22685907217891,5293.748547568356,1708.4333559985423
896.0468813144771,1.0661577971595064,13471.849550363786,947.3738202032534
708.6103615364298,1.747231592761994,4120.122206319573,902.2048082677709
406.8247682728814,3.619621208471324,2063.625412372041,1462.311725788506
589.1809405367113,2.5030373912158517,3299.2986182243285,1135.571587732177
856.4822919542744,4.9299306042444275,18669.71087954856,2188.917744015656
895.0314682278207,3.661619170553016,11483.266775851474,1597.7426168153738
244.3544875055307,4.826195634916826,16130.569734113331,2539.879465524257
405.61582708735267,1.8057859265831753,7320.435517195973,1431.5095112286463
401.7008621922145,4.455828112460092,12260.514309823486,2067.3244574075566
137.84031646835024,2.2854092232609013,10404.09054039484,1957.9467535618737
638.4139838667069,4.958259232951227,18969.021228643585,2407.839839873302
869.3380476929692,1.6307546882925892,15203.918085028097,1317.8503912112526
443.416949042966,3.0653592753533063,14880.309998435003,1923.0773900685979
766.0323504857594,4.171378135348488,1880.7121192513112,1095.4430661474148
664.930372240666,2.7305699224161435,11443.72371107013,1313.9169540095215
438.08386194370075,2.872336240750587,9872.837624134481,1626.0215466610307
226.95381954306737,4.945423182022964,18629.003065517696,2846.882224362329
738.3914674983706,2.7012326012046133,5889.497775601113,1065.3454513862005
869.1086520471164,3.4162884023962543,6126.835612530792,1199.0034676046796
717.2690431613427,1.2181586427006028,8815.578728748507,1051.5367618680964
116.09063563133626,4.36884032084104,5624.024554721144,2010.5100341802117
294.60960495189215,3.592672195918174,3454.4944383662405,1728.284039902007
162.5319863951787,2.616080411451254,17290.882086365214,1934.3621257652826
613.3474896186041,1.064678159818079,11607.2539636744,1057.6758126549144
780.8299109563711,3.3666752823740156,17365.89166017477,1669.2364988913243
199.5212683617935,1.0506313139366488,16791.560542670224,1768.2115192723086
854.5040385340467,1.0048144556360716,6358.804741003751,698.0253847619447
599.9580805559349,3.4643942485974186,11407.011442161205,1692.2751215769993
720.9721109275524,1.756068269338217,2581.1363520613386,798.6974177606587
974.2616637477815,1.7675501988723812,18389.78579658441,1358.3458152691637
175.31288942292758,3.613086263330975,8680.99158623791,1886.343485640598
911.1016206800103,1.2147887517574971,8479.847493891406,634.0308976853275
213.49242638866838,2.2536222458982254,6752.352041741111,1614.4815930788186
453.662925973014,1.5977276085680763,9752.611149503373,1290.4899458511259
866.2948266980029,3.3207054791861355,5783.428344363513,929.9701818206029
915.6288130640813,3.6470606189095833,8122.193183139287,1317.0273983289478
555.7345061906308,3.884543414396174,16198.993923112756,2170.6340634944713
634.6941744478827,2.0209248676742617,16850.854568118266,1767.749616462749
737.3326011387014,1.356999006546336,6779.4670749418065,891.7413260651281
849.4828016074428,1.3147346277675913,9911.274180502971,971.6210425685144
209.36005258389955,2.704606193802895,17602.575749320993,2348.6767959789204
829.0623774063049,4.78337763625086,2000.7933047642455,1163.5112360797361
533.1485354604552,1.8709161369880984,17893.75427791992,1846.79017423857
505.5610825973521,2.0269664053661973,5164.502567394302,1185.5969502599232
481.5097767972984,1.4035552084234357,13892.24564007314,1585.184712125305
558.2904267214383,3.422281095575721,12068.482231307406,1748.1992060466698
950.5454980551432,3.7194914957886995,11505.87421559579,1498.2721828571864
593.3833955129364,3.57172483264304,17327.844270303605,2009.7061607850057
957.8597844368253,4.4445209721791255,2929.870729248564,929.1400405146862
262.2611175540765,2.945703340104287,7593.532481187085,1851.7488377576074
751.7223809493698,1.5378281630682578,11226.802180550547,1022.4302865945978
831.0155847478725,2.1576205228176506,16414.488224974753,1546.5387520887869
711.2159482013757,3.649719893685407,5112.4185848217585,1265.3246716327615
646.2300522038863,3.4524878949662394,16255.66698611125,1974.6519746146946
608.331502977564,3.12401251897185,8593.13116738478,1559.6044206727215
874.8374343208263,3.7318576747547487,4589.363272240213,1144.0165616736713
839.4819374480501,3.5495634014931974,15420.74236842617,1692.3213930346112
210.05984906253957,4.525299557859807,2727.0791280164085,1873.6168806294986
863.7288913277903,3.3440655099131864,10780.580107433416,1142.73074039841
472.66175749639825,4.114405434802226,2213.63989337588,1472.7343460226612
328.3271469962297,1.9948286238658715,7771.939247997963,1347.6291225696532
882.7917112125333,3.712730338356272,12420.459181121461,1497.8960298893605
488.82231967036745,4.608776473530703,11566.19528825705,1896.948484810304
827.528221159135,2.542929311599333,8688.452940188665,996.9850940475574
337.0632507602601,4.1164167493545865,9151.9118854702,2104.3091435595575
103.53638927999602,3.8991572047817415,5308.621513664564,2048.6708661719995
545.91327361265,1.23810478748729,9661.769180057954,1184.3818843932902
190.20543097859584,3.326033238496289,19111.84225869585,2449.070194680357
778.9383599724187,1.5207573968032095,17158.605437892016,1358.3517887085234
348.4676224624693,4.869276688922365,3759.4245124505323,1870.3465785424826
499.28108194313086,4.245630010802625,1565.8349590974976,1360.5312315173885
178.33020858239883,1.4388952049884804,18736.96194161598,2145.670955782892
357.99332360252737,1.4870079905907136,11008.245247734205,1464.5118528009145
803.3412189327148,3.377895419650476,11218.918639836847,1391.1990974060998
236.42912071208752,2.3795566966927333,15833.641918423924,2033.3356163961398
682.4436050142616,1.1396234362924371,6979.090503555204,835.3209244294251
925.6832675240511,3.1665660313322124,10156.24380788404,1248.3103640862416
711.8530837819483,2.5513803987433876,19404.595349788015,1714.91650452479
829.9195203630042,1.4043059694869706,13770.825051715736,1186.3352864020605
198.07446637352422,4.207681569023931,3921.1556079199327,1961.1202817184062
325.658643401849,4.660307061115224,3531.3082117027125,1711.0360107255142
905.0849670165319,4.02637573605652,4881.030408327102,1131.18415488161
743.5950522562803,4.289689240065109,15567.521813993633,1938.8519577599654
675.59844373958,1.8659622690644695,6612.163072971705,984.6164282237586
697.39006250953,2.054291803674404,1406.388086826516,830.219758649343
472.7804988741791,1.834110161196751,18939.312906607574,1896.5470647607237
140.10096845588788,4.060253725462256,4224.554911503303,1991.503699841159
805.9973878636562,4.791668315737988,1181.605536813303,1150.8175475161156
710.8419125938185,3.8673488269356104,5505.500445283136,1243.6253510344131
525.5240177014523,4.525867059518224,5465.54695524454,1622.1690030080451
909.7836538314317,3.5547963795326902,9018.099766068739,1155.3053764238334
402.543698486589,2.5506396022351963,18487.4067985007,2088.404382290235
364.8895698081123,2.7030464597212207,17704.51343780286,1944.7702640086336
885.5166925714985,1.3012857286696193,9680.99654466613,1092.0919222210007
817.288889283087,1.1258287809841043,8807.098194844324,977.8245628133252
563.4818295835103,3.7819024167563096,11545.172643022173,1771.4148628788917
217.66126551206497,2.7537155680447225,5625.626227463549,1701.1026087698547
293.5643243185472,3.208860272218518,1991.5148473608938,1284.103286062122
690.605191367926,3.2306449904896652,18845.258587252927,2150.124069232609
446.5371140563705,2.1095032533332057,4547.280712666282,1143.7061110235359
852.8258724993741,2.9035700433179628,4769.613855668611,954.3190875577129
954.9595083989838,2.883040886670809,9976.746248225005,934.8926526275848
825.0732327474265,2.553708884911428,10340.653551966283,1251.3299523072628
439.79088069600147,4.282701533604282,1350.249984314097,1373.627509532849
809.8177863082817,2.8046560147503836,3811.1400367054434,951.8359946336701
416.2975061236151,3.4145780980239513,8184.941552654093,1621.437747821426
250.3900789890705,4.582080481523304,13990.883176700241,2257.795782657568
130.05388437927166,4.46493449143569,5339.950679806781,1949.4943977219434
447.145041484918,4.561688815116661,9037.27447859349,1939.6352488766408
913.2033733275537,2.080019985860056,11589.55622961287,954.1293380382184
315.0879289801088,1.1399299532322513,17883.25739784255,1732.1797644561111
285.8618484368056,2.044267199581317,7195.339544215343,1549.0859068166728
972.8387067169363,2.1148293824828346,3537.6070514061867,887.2555098373714
122.50370156553291,4.637441306899872,10296.172292054556,2367.55205637247
807.2039353543789,3.5969709313518825,15187.71043199718,1579.8496082981278
389.2329601667833,1.326815838408915,3087.3353840019354,993.7855597078653
133.7391611826934,1.5415143840444046,9068.986342242248,1631.1719333535577
926.0222861886252,1.6227045021679016,1337.9176839871852,430.4720033807436
225.67809718862526,3.5216869926756926,1637.6244512977714,1650.8463405850948
596.6013553531259,3.9416561020280123,10176.113901116647,1722.2829084097316
346.648786686593,4.4385756422615845,6665.7486648676595,1965.1390135000938
158.67352196622193,4.762546203224972,17057.03868110283,2615.2432737041513
144.93023709704119,1.806818229545767,12440.931816402632,1971.0300216043697
204.00102895270493,2.2390899388961962,9624.726273116818,1708.4047140542207
164.23031250044204,1.9612915229793226,8750.77205003163,1568.447607683205
784.5023039679306,2.435046269864551,10447.664123601702,1442.6221942892869
537.0095820550862,4.658660429694997,1768.3377930405654,1300.6416188398298
408.6028822140817,3.300450267757446,17963.07377199254,2075.7669874065414
476.53201911880643,3.9527675892979963,19967.759958945207,2249.706711505014
936.052062015361,2.960476944507128,4448.255372315274,1129.2867228074847
919.6766314643324,1.1154316533444981,3287.276330717775,648.4594041551071
744.1088321103192,1.2567819439912573,3727.9718055233093,843.0389613283176
896.214139679519,3.151692125071543,13559.514106452976,1379.0341244198053
387.6832248288623,3.8751561392801026,13567.37593056472,2308.334599939572
442.99839340745456,1.861322110114926,17110.55908328981,1821.629183164118
652.3409636688052,3.887638295969216,15284.701380098812,1987.1481015602908
661.2633525675377,4.24266309393405,9544.103794017456,1682.443994030766
533.5298542111068,2.647589913448445,12644.251869741058,1623.2540648333102
460.59206359415793,3.9856769313764198,14077.408736992149,2015.2358921380956
987.5622804478256,2.6161198013138396,10741.99293541928,1051.7973272439901
839.0112635059519,3.71340251782008,10037.368704581097,1466.3868401549269
491.4821780992407,4.055988197278172,13256.851467210412,2019.2780145944532
754.5632295156116,4.967706473232443,11592.016430537422,1815.4317496373799
342.60552392721354,2.3815866482543844,13234.903801382297,1946.4093950626639
190.1523936135969,2.644163122298446,12644.240705303913,1674.2169592372152
417.18792299746656,1.6624802376406853,14664.734649759439,1699.533581810762
462.67552011105477,1.8162922336072276,13213.266666874646,1633.020130620021
114.88341210460372,3.773580010393511,10875.107242308079,2298.284238915019
833.3128014723064,4.668182360617904,13954.139414403344,1791.5434972661055
423.2740621502634,2.578419806644962,9540.157338523133,1590.2097728432814
622.3763492021324,1.719377787342165,5591.75329347942,1099.6817112717438
166.56686854386038,2.1403979975319762,1026.9461825443937,1461.9766805177724
257.4971458755256,2.8202068192325545,11639.318795771022,1858.4565592416598
900.724352794804,2.1626013174614735,12222.44930556418,1169.6159542884557
647.8187750945207,1.934316332487465,19468.93033073857,1880.3484043747767
955.2556451534371,3.9439379550283182,7868.088347791236,1014.5336556539035
998.8750309521853,1.0313796849624928,8488.531613737923,562.8262267457509
434.6741037997849,3.1569221093459325,4834.192045501614,1585.0035182047786
368.92275767494715,4.1750672281190155,2340.1516095091165,1692.352051785142
872.520449643187,2.064913145269873,15683.28536437307,1376.8709687221103
998.7502843337088,3.4131660424480694,5743.940222447175,926.220247967352
666.6771108092116,3.675600422474471,12569.192359570721,1608.720741765677
815.6266502603701,3.62009878562036,14067.687675364148,1552.655928707672
803.5712729337471,2.783398536794871,9953.497058541307,1405.5841094341617
419.8057373975923,2.386311951503117,17650.69014751664,1877.1468913633285
616.8433422313785,4.343696292111254,9432.101978614846,1733.6433115455802
849.7512471377922,4.033783827999457,6413.263837793537,1202.2979458656014
719.3024886349499,2.28502069365565,18024.294936270824,1723.193799919624
119.04743258383444,1.4120767777688243,17369.72140074917,1977.981364972745
403.03510200778015,1.2872301817818768,4116.758994451848,1050.4894950557461
230.02812693514483,1.3771039115957442,1493.259348724498,951.7174095159464
309.6749908702352,3.331477444768171,2709.725570642793,1330.7699529950448
914.9405297421931,1.2066487033159587,6444.400572522524,649.3765588792754
133.20396001969135,2.3477074998561536,19472.936233092503,2177.4686360863884
297.82064076573135,4.012798807656917,11611.806910055675,2295.838130201886
378.6124170144083,2.1773926660615124,8091.9729085561075,1255.3124504144746
655.1956647697554,4.053232308720519,17885.60579764218,1969.7135569900474
580.6915210772789,3.981868152828221,9609.590298091493,1697.831711119695
296.44253456804745,1.9833085305328653,6989.533939619401,1413.1825747399173
247.816960500839,3.915288720370982,18883.171046167492,2368.98479021534
313.1182311365069,3.991106553088403,17140.835657660882,2246.352078414691
552.2766640314901,2.5898157026681075,17029.699132969377,1718.1060254006766
344.0600071400831,1.841681934966073,10733.410117954048,1532.2747162688277
952.84225144695,3.0850832275674764,15999.329577493645,1659.33378189297
517.4786992859629,4.685590352000785,4407.713826026486,1647.8187920713392
152.91641489017337,3.558466929728248,11891.23619356863,2271.6288296726602
756.3397652529701,1.6916899905090448,19693.07253410337,1617.3494941368215
395.96075938809065,3.7310276989340796,6528.210179841271,1788.0415291890108
688.1400388524228,2.7088121091273383,16092.694255705828,1378.2606654989777
351.6349334709088,3.366115189421492,10319.089736953278,1807.0967891462305
613.6693675599879,3.9362561400924316,1756.3079812196593,1392.1108018345528
794.9372543267182,3.0597894060577793,15497.368558497681,1534.7154725347887
935.2078675970986,4.2559358982932345,4202.813743450143,1302.3673157210167
335.0144299897694,3.888622317266511,12997.997775522254,2240.9989376164217
401.37125589908305,3.4602933600740426,2627.6196868924853,1375.1553288476034
517.8397782573456,1.603171263329406,18990.48055242333,1702.0021501250665
934.45735396239,4.343796443646273,6542.753856426857,1160.0790433527604
911.2481711295914,4.743622341279265,5302.829141870503,1239.658331033407
180.89045209057423,1.5478604952371793,3453.591677260352,1178.1023244029877
218.73684317842975,2.9529645177337223,18974.04167344191,2363.43926208371
545.9582595975744,2.035554967882018,14526.171106384798,1441.856639963426
195.95734552488113,4.0180932297022585,15091.556885643684,2422.612446316777
411.0227860138277,3.8865185440188,10488.686666224647,1953.5231257911894
233.5468403957299,1.5635404822815948,10019.827920139185,1414.032211549156
672.4363196186972,4.508109085046549,3090.403616838056,1538.6875388653493
954.5458885652456,1.7238922559120091,11636.980816095844,1023.4425328634707
997.0603932649433,4.18903610259243,5691.413407067018,1200.2872997513805
437.71701924722333,2.8279214385120195,19565.76132320771,2030.288814461289
639.1113734031511,2.313089174232605,16135.037860287799,1692.4962663050717
870.6408881716732,1.632957050696854,8846.849143664866,1010.9323241231475
205.7158655167456,1.6704570245865176,3875.4839151391275,1312.2888952570468
720.6079699467684,3.647562218803601,15921.302131636896,2005.1618263206326
467.9592955525614,3.201721551788482,3319.0215745450037,1342.7425570236792
285.5315442521477,1.4883416866049308,4597.341316444339,1356.0824389363029
462.4782568726978,1.4507914417533008,5018.889837140321,1107.925404060844
168.36425826842517,1.2892422990911658,11580.922127188793,1727.0824611949345
725.8664337303752,3.9750693894941764,15954.07642581696,1699.7180386958307
327.4684018736078,3.847528340917157,6971.982695769152,1827.7417749198175
380.2650805403902,1.2337239634183006,2608.7264712304986,923.418525579068
208.97316841731646,3.241080302387892,9826.230806963964,1845.9146018306913
878.1932025009025,1.3387046209707596,15214.094582038775,1324.662769241786
544.0998513544648,4.614983082435767,5211.613018660378,1618.1003912594726
614.9321900077603,4.628469676720529,5178.56641274811,1469.3598828762013
612.4894147853691,3.7929319592525204,18997.313519587507,2060.0494902336227
469.4438030872076,4.7047556857577995,19128.92081526438,2297.9083519353803
273.2769238943255,4.245812121654762,19818.848909169952,2710.2163927147517
770.61947364856,4.3141543037081975,16345.532429920822,1839.919934172469
214.3506388219069,3.278831402279733,4575.499214190966,1723.120595737955
193.48641125092945,2.2242367928647035,5027.6488951859665,1638.3540635023421
739.130533836853,1.8711964604656863,7464.279588925448,958.3074695810838
287.95331840678546,2.3088000881557167,7044.518095336326,1579.2348472184528
376.0954762175491,3.5139817203562482,19174.02723248217,2182.393623987366
527.7047203015662,1.6906261433295957,15992.405674752179,1854.6177490133302
504.4161850565916,2.0345609465492864,14756.167051069524,1733.9423702684041
737.7212125584992,2.8722434511818578,4533.301257104505,1044.131896657017
661.0886140990249,1.9322003940984622,18280.985627884264,1562.1173730259843
679.9565460536792,3.3545746788642465,16729.5372106173,1816.0355949660725
742.6488975899116,4.69270411382532,4109.19498523055,1367.3533022015279
363.3514546811188,3.992357462812506,17552.236307258478,2508.026308644257
390.09998062042627,3.665706456595652,6172.703191038954,1529.1229980291616
494.1979731059987,3.330885903935115,2536.525170810015,1312.2856085505452
376.71595573017345,2.9517916370282595,13479.62382376999,1885.789756200607
986.444082073777,1.7462554385386388,13422.288528302282,1022.1804020145779
832.6467337792867,4.578841821707462,2803.708181746744,1212.4453741557086
248.18921943042662,1.9941440080513453,7058.184369795065,1491.9417196575473
105.03474029368256,1.365235510312643,19863.47478285523,2248.492707544817
138.50494142254107,4.000060716914781,13890.106673166001,2416.910980267959
319.65710593863275,1.7024621373246656,14871.428165463254,1806.2978909367416
202.8621572531709,2.487583998164704,5045.428426481808,1243.5271274893335
580.0043034033149,1.113139713163919,2496.8593490743724,797.4460940995039
872.1957004546227,1.5482717701617923,6261.132105077815,584.9513228146183
763.0751988219047,1.6928145230396483,5729.069318670648,926.5731880331399
294.04815677397136,1.2176405110007118,5456.337914213009,1369.7465778938729
459.36933042320726,3.6266278264913807,4662.332115853751,1406.4489294089014
557.1047885781499,4.348031183212469,11920.358122452682,1882.3412819527073
829.185264553002,2.493261625463764,7233.966040994614,971.2297920841818
855.2094427955483,4.498305906872803,16586.55528590308,1997.3226804498463
918.7464807169983,1.853386298240506,4495.000939100296,686.1836144133249
558.3207254525876,2.301561694244958,9827.914346502344,1566.2202687781546
724.8472717922766,1.6029479721246735,1259.4988920955198,700.0926875321728
200.62033411054344,3.4822367816759945,10151.964126648649,2027.67024662067
608.7600639585839,2.6794783634812274,2060.9261966530134,1037.0025968305958
323.82262852402164,3.4531333873675947,19576.74672558023,2427.4405951542426
488.54519652395,4.046699621576734,16021.250444357844,1948.0886301847547
670.6454574760475,3.182812064131794,10312.118056092651,1490.057253706995
331.287344068403,3.5105214196071515,2645.159805407655,1496.0702857506137
146.96655201708498,4.741001257577332,12256.463375017871,2486.5987509650513
109.21047076788176,2.1962572384353725,15416.511263335673,2082.096379498573
119.94358199006939,2.4366557545358125,4623.627807090161,1494.6955158553342
107.51476376239269,3.8708134468373476,11795.958474962326,2257.1809168451628
199.31955090208794,3.445222068221547,16470.007069274492,2204.9411633191116
315.5398431131169,1.7141316181588593,15596.70777528001,1614.595648023907
299.09936276406927,2.5045892400419607,16256.848339475906,2087.3731503666677
988.116934761907,2.87135205249886,17707.145072524676,1529.4168866335658
375.4054946880489,2.6775593518735574,18815.959941029934,2147.6134671375166
214.6787050234592,1.7130992332881632,8704.901948867184,1693.479081272114
591.0062897509822,4.697720367137049,11806.612947934667,1872.3652420427684
872.1617098577575,4.049275046775904,16022.530994866605,1595.7084349636282
710.2543391089076,2.925423328431409,14245.65646496988,1580.1101721450639
366.4738802219053,3.7202441132273463,19914.8843370232,2338.5691293041327
605.4545438123095,4.589130688542087,1259.8753709882387,1291.1357907685133
743.3703767803682,1.5446965694462849,7747.531091000023,944.9605763101104
755.2940431309681,2.0014922028279107,6339.530599133846,900.8204127708478
699.88460976792,3.17080498902658,5984.001153145157,1049.8759173589708
883.7293822980562,4.196041485409435,5228.06586747883,1172.7645390783962
883.0949125096939,1.1450195817661095,14473.352975489352,955.9391359476098
621.042903466303,4.936072600785442,2610.429992231115,1519.8579234634335
486.870732200091,2.8196264115295886,15090.567844923427,1765.9794665279326
677.4132660085899,2.436924562486892,14175.090998309195,1629.8893438183536
836.3908012334168,2.1708977513590875,5765.278517517031,1046.4392816410389
105.08689435706626,1.6974268306034865,5803.841880138064,1592.528703071725
992.797308113366,4.166295635720111,12948.351121545542,1332.7767569096013
264.6043950962793,4.821656658984386,15481.251004189879,2624.309086797996
523.2240870939786,2.654579019381593,17653.226648659944,2047.9250942527137
884.82676135858,4.809682779013825,17190.651713235042,1938.5214312367311
302.5363591397794,4.295190461740137,19332.77688911321,2655.433193697462
529.1157015103449,2.924204509905273,12046.313011393711,1602.8733372357276
219.32396216306125,3.696104716504531,18264.455665466834,2246.4951709262277
455.56869284937335,2.739936716681852,16361.752191947804,1834.4778162222283
259.42190931370226,3.2348936328502096,17998.68486196626,2460.4211469591282
427.2649738940413,1.2321853480740153,1220.905424421966,731.1093745807127
436.1177951134498,3.7850539012021325,19352.15684545041,2288.4529555926465
993.8537106384995,1.2112985779365468,9997.073094083087,751.6740489869854
995.331726373395,4.268339787678598,16165.476801922016,1615.312646861644
203.3076507945512,4.29978771784223,3416.8782674178365,1783.1416461610752
753.3719013955125,1.9483091502248584,8522.880820465507,1069.6588830963549
146.57093170219105,2.294651124143201,6157.752597398828,1564.0306888029181
127.17281380346977,2.925241514233173,6541.516639517804,1642.7454713022619
194.8005048204679,3.386651627729926,3341.856779066753,1671.1258539732005
968.9370913071406,2.149414646967987,16309.512818317133,1383.7581372468105
946.7771931052276,3.3699456185277,1175.603977040485,872.9493813176787
274.53503825261237,2.1911482929171955,6937.603682718847,1429.6012577277877
245.50510199834036,1.2219628842842427,4313.800321111885,1089.4546993763347
316.4815778643523,1.0101101993276358,12191.73987155847,1466.7086673636204
563.9922946676279,1.4046042316737144,5830.795649676333,1165.247485130498
612.7341688318689,4.169002800656073,5920.970636033893,1581.6747309969946
299.4340873955026,4.8457252495333485,10278.424735911056,2254.0286669861434
780.9605092809506,2.707864797124877,13401.091747477589,1519.6527326964538
378.5978524623857,3.050735813799771,3304.789386738109,1438.8654358863325
929.9181929764693,1.5873926762937045,4334.717596844427,616.3570768858508
691.0504358110576,3.204125410720628,5696.320147295834,1300.8213433626565
492.71607487325053,1.5786196080279074,19501.21606824125,1743.4520397225915
810.9208015325609,3.4448573247953203,8545.897498915487,1163.8992372356456
836.1231634419983,4.733034670323415,12380.811721989503,1801.8240501845924
361.4334450480493,1.7827941572121584,5589.31344160358,1398.3648690494838
405.7430894524759,4.058254872228408,10318.73097799227,1810.0212399572163
942.3596383557431,1.0940096912732962,2408.264313333203,479.0476638071664
248.26693452694474,2.501988965286484,1660.1007725242118,1503.2124684953815
137.9353752666408,1.4429940313220362,9905.937009607744,1645.7356613024417
508.64979034859425,2.4099017663827977,8574.52646284983,1320.256667596282
821.088910219266,1.694147678555534,3600.7260741447258,710.0787965517527
794.5012956796712,2.4932199604915497,14064.42714949394,1352.3106570732657
927.5775660215493,2.6700912244301214,19865.166327086023,1538.025984223136
579.8805979321362,2.2023644911236735,8517.289602737535,1329.7751871566297
190.05820440987998,3.6264877978925165,12866.614082430495,2018.1971117871585
629.8200769024145,4.675408205035639,19296.542904925227,2125.695817101752
800.5560529178904,2.6023814964210894,16799.16447649063,1561.8075582282534
183.99530824284375,1.7693726259000857,9807.49224275103,1658.0229751834818
255.3916609878308,2.0828910327839334,15012.300204738467,1946.1570135098727
111.06159504010381,4.416003293985476,3434.5657647599564,2131.3898908433284
634.2873215021293,3.2865588930805916,10729.973253812184,1569.9745234121801
898.060952751314,2.820044129227829,6302.145266418795,1040.8723514486712
703.5969844018896,1.5985468860357068,4062.110070027061,721.6646027451417
983.8360788318838,2.7989092332951278,9099.33721883616,1107.7063951206035
156.73028724978542,2.1139680134295467,3489.2765342386742,1387.88805563699
912.7009766363466,4.772652511413397,14280.717055315226,1763.0074616702034
832.6614586480126,4.536280437662925,9668.560837013374,1547.1378082283252
382.81736844955446,1.335610167312792,11091.748018728613,1542.1894894408379
976.1738966535266,3.0666139570449715,3781.1428346949833,695.208381052717
359.14397335427356,1.9002333820586883,3655.661560776395,975.3619176347798
900.3742514453966,2.6431083580971624,12084.893269942357,1211.1488139623614
892.6737193667705,4.507391993005825,19715.185208759478,2041.417065362881
781.8918549426752,3.1100580795541792,2828.761081516787,996.78475262475
607.1234264315667,2.3368611734830393,6428.897142749844,1304.9140891439245
208.00247465519925,1.8315534164199883,17519.723214219863,2078.0316367577584
578.7745610468485,4.201299437625957,2373.1682328495017,1323.7589049348321
421.1166300894411,3.4980720614573886,17641.828705972075,1928.047202086672
812.9953298398166,2.872261841704925,10961.433684120273,1285.7974992876602
782.3162858471604,1.8699374154519122,8757.06870460209,1132.3205326991065
919.5512566353448,2.3369854966285253,6883.930722677661,852.8376005575319
113.34714618853708,4.839373706954074,6645.226004428996,2189.6209217915043
828.1928951407415,3.0803597504233373,6810.2490665400965,1170.5275337016017
944.6158478122019,2.6027971249730117,17811.25853824372,1364.977266669605
810.3704041973351,3.0856881693932956,14752.109373320925,1606.696288011252
217.17501388333005,4.115954023598435,13724.73714879186,2455.9648272761206
173.15119435679895,2.360435746011475,16176.233830088015,2090.4663111605564
118.76071582693072,1.7148244837304354,5885.178597078755,1405.556668589864
665.8707032452639,3.339744473356191,12742.813429553358,1632.558760201445
666.7053866738986,3.6608164139242687,9741.258540201068,1330.0824122601216
988.2223427963911,3.8508720118341984,15866.391068803674,1608.961939408294
458.23885669368616,4.527950363064519,6875.866098992425,1836.3719586336965
398.7156564077471,2.484696482756452,13220.39372052802,1926.8069555545005
661.9824344659532,1.3014195849155672,17762.035824528957,1467.0037944869455
843.0478052568345,4.833394334523769,8640.859047703645,1596.5225478477487
943.0965545707016,2.7400477097499008,2265.8196599817675,632.0751601397767
822.8117495611348,3.4930300386925253,10804.965624494063,1380.3998273495656
484.0065825542243,3.665221292513169,7573.477268333493,1475.1929956988647
671.4228117808577,3.186054834804814,13772.282230396324,1634.9233045715978
870.6693940445052,1.8210301189450804,19069.625570223518,1416.4869929038302
541.5487194805655,4.020572200464565,10226.558041940094,1803.8135993182418
295.0179793348534,4.215007897216326,9857.614372955142,1978.504630722905
252.75109577308567,3.211902344069759,13437.111203637745,2069.8194683202623
100.14197012025106,2.9542446423393662,2966.4525682777858,1605.691581200745
746.4141954831558,1.4557527325119413,5816.6175895752785,802.417291668045
199.98748796139145,1.3358066459991353,18460.60718450757,1998.2404330601173
319.45518972634636,2.358259382254115,13728.909653911558,1842.6944636517555
368.088698370514,2.243384622069573,1255.4368356849088,1219.4774717328098
604.3418741230914,4.814625803853085,4887.8839786213775,1590.913182165611
458.1615495661923,4.134490969773719,13973.908054549081,2032.443512203705
707.2065928208456,3.6396971810362397,15523.58484868891,1778.8313413121255
150.07479339583244,3.0705923560704202,16957.331880806796,2240.4438601744923
211.54527483799552,1.6694701229066053,6551.359264258853,1413.925603599601
549.29035317994,4.913826688737135,18689.54332927369,2571.0680223384948
403.26830906214684,2.50016279296084,11505.990977979956,1580.795922359432
366.2320264762237,1.4277024097889792,14234.241425369964,1603.1548933621393
160.32527113377046,2.9751955828629844,12338.038392818251,2012.86689875277
906.1472572732013,4.495992046452333,3332.061038817789,1134.9370427337149
722.6367275125457,4.549164007109318,19299.178528312717,2119.0310694371146
209.45634113768443,1.043863664225789,3334.6360179889,1193.9722027290186
158.54136196342654,4.545182979005599,5842.757171812488,1871.6155822891385
977.3852800881187,2.085936869999434,16458.929724236623,1366.4657273767996
713.0552953955544,1.1558894558736923,12753.342268520928,1219.0479891694501
475.7104639843673,4.391161081451497,16924.834142150783,2124.476300807158
731.5579366802064,4.455467023952833,10798.987579106853,1472.5771197704628
780.6986078321431,3.3849243193694,8162.871471966063,1206.7226150259
801.9659821499014,3.2977350291854335,18515.064491407913,1759.0676021148686
530.0895750877519,4.252481090485677,1688.794032781102,1662.8755345175161
486.8944823123632,4.14523821084112,17266.47418670787,2259.802565688682
109.92527584201031,4.560421893770816,5385.537918567851,1890.6770339223997
933.9014036276542,3.210989790386814,17125.99022732539,1495.6305153258838
642.9770905500487,4.870588370931235,3644.7356549208266,1508.0561227549413
282.83854347097133,4.984587323733354,12024.160310120269,2340.6552922115225
927.643077479293,1.4661784399945303,17874.05046121797,1127.820247549469
923.4387115932667,4.398175038216488,9997.25329107892,1442.5599378062707
990.2657479294863,2.999289030994356,15184.766802264465,1297.066484621554
886.6509068250809,2.5502653531993285,16288.76073925561,1327.4643445173338
998.0059490380582,3.45228923953086,14993.389965618804,1468.0809618189494
320.21756931094535,1.223862229048028,18581.265000617368,1931.0058438738108
858.0246266793107,3.0258444750683196,9489.850379878644,1305.7409150244473
840.7254779161881,4.483562280106667,4289.383344137959,1327.8947804254308
307.84632329866037,1.8538460645558752,1908.410210347116,1108.606446815844
188.5937941008917,2.7055595790777005,5682.737523112597,1708.1099740166287
981.4784623098396,4.757923550859502,3720.7525737246,1187.0493203587196
366.4220963685493,2.714255351222789,11601.02608725513,1769.8744665339664
883.8026114210255,2.4334705293295933,4513.961407022908,767.4202526258587
103.7144392071435,2.762146592493513,1739.7404384980523,1486.014288482309
118.92232649764199,3.0778110660702254,1683.8067485046895,1588.218917754093
519.2841778267316,3.5279653765258754,16799.82046893237,2270.287367623612
314.84321554155724,4.2027712036669245,12237.548697417471,2167.71270807184
720.8571550923679,2.808408823057257,7803.620735974186,1169.8867960927644
609.0078930111589,4.269923740360561,17990.33281206469,2061.2545511672433
169.7372177054423,3.1348826454083225,2333.7356167465587,1524.7494309479298
246.36546668414536,2.3539220414719106,19626.119381828692,2423.454255456578
449.24434305257284,3.6318033124776568,12709.544014834759,1872.6678555901003
267.0436575598899,3.8708890189739655,4485.820825408121,1822.1122409663378
813.0001125195357,3.23219590251795,13902.312880562402,1490.961887465039
474.46321199795204,1.2264598925388936,15504.24393588769,1572.1594174321742
184.08868015824936,1.6795315006432996,9157.512884044714,1688.8677915735184
535.9086120449124,2.141190883560913,17371.019518665402,1703.690255619548
181.75436295527277,2.1305024238059724,3863.9157386329357,1373.4307433222916
216.04357487783545,3.6936832009874823,6297.914087974558,2003.4757391639218
315.6488488253848,1.0733946466945303,2776.3548700958054,1136.3071135078912
873.5749347227407,4.0227271081980795,5006.678971539691,1260.3716673629326
932.1512790996748,2.0613698992277327,5535.847426311756,835.6427013737509
843.6319563988621,2.2400873848644096,18435.030627512493,1572.094600780751
400.6694956760625,3.111639311775697,2484.084086271968,1547.6401523101817
345.20179699794846,1.86370240375583,9120.88728356648,1487.9738781192573
594.2401217112152,4.53788525430211,11115.575057311347,1926.841918734866
749.6678444798011,1.3414751173062611,18075.168022241054,1277.2942872341027
994.0355093441574,2.7775294492042595,19956.228154563058,1476.7857195657232
218.4136406910336,4.39768907781956,15314.37418347688,2306.7609840632185
144.362799121424,3.463375577684943,19445.02882081156,2647.9701158077573
724.9203000957439,2.169318063370534,15954.921518181602,1251.435373285368
849.003205153515,2.683040831105843,19300.850178456916,1612.4164677152273
861.7139018797809,3.8267775213700586,14438.143792944647,1326.178131775401
710.6171941694446,4.893042973455597,2515.5050835703505,1310.6378651520035
958.6142237072684,4.572554873517734,8636.483552860853,1338.6260336661344
559.9042871901282,2.369731233529507,13285.348392246937,1716.7964885075246
922.4333185025912,4.99279151715143,7663.651679630769,1498.970362831379
971.0309232923707,1.014018654124233,6194.294444161794,458.17337740766897
862.441711302797,1.1105190232336604,11970.586075528729,1064.787769093554
378.7827069327586,4.295362060684775,18736.535657346263,2418.8997135244854
276.59408605326576,1.797850747332208,1664.6555968069176,1169.965529124247
593.3080584836366,1.2430770735849634,15615.392867287317,1315.8098488205228
507.7132753421696,1.9485922929460089,14731.818282847915,1519.594725999114
889.9825079734596,2.704400615923441,19315.115082377455,1534.1436393355489
190.02850396043834,3.9222650817336193,18683.51322431833,2533.2463009176213
331.96605518036677,3.497342106204822,15482.418678839664,2149.4118727006485
776.6190500668376,1.9504848702416817,10887.766528969374,1312.2755167823718
185.48798047958093,3.0130817924023376,4881.083511436877,1699.688070366514
388.68797261953017,4.704856421594275,11359.478648185914,1849.5006747414095
448.4398546485848,4.260031107935031,15541.687884473422,2206.9149599492616
660.334416906421,2.2927591393271736,18017.71504011997,1554.101527348259
242.31938114742812,4.929058245422786,16004.528175000432,2447.1215842259967
874.5440413147386,3.834481601740524,4710.071768630025,1046.6389202922346
502.7880119196468,1.2497974226671271,12394.03997033313,1300.5396387792048
925.3195406925008,1.1406428531545547,7311.295731095784,530.858877289169
521.0829222705385,1.67363179604012,1174.9076804222168,892.7370213038251
347.53623304666,3.911423472200587,4804.197779984655,1533.8781218835943
227.6459458189074,1.7349557033697116,3151.192348735536,1312.5715730167963
103.37058524015633,3.045947076835334,17011.6633472499,2580.099105195569
578.941736486352,1.373040480723327,5911.618790808428,858.3113933053284
196.4410272342311,4.68354463132078,6409.261408863555,2032.2799390391808
452.5549872680604,2.37584245433427,19238.794864178803,1732.2075105564868
630.344585113378,4.632528226242523,8202.647737928191,1676.199917734523
348.11730721243026,4.779502567642178,1182.1271627434967,1731.1612797163284
257.70186312950375,1.0245145892547232,6393.076818576594,1338.9188187859972
797.2494603484075,2.856540748794928,3266.6920314344366,945.1296640107096
952.1120550534586,1.0986242228275716,2953.362672981225,504.2072656370146
190.3963760757694,4.634771065211623,2472.2585125792407,2114.7762161897963
240.03129194650708,3.0736301789383034,12271.929933332169,2159.5217092515218
964.0113915274468,1.2997760507939873,4597.606748967314,473.57206313875275
134.00579963102166,1.4411069131062675,7863.613086779199,1402.2858386825178
979.869102895425,2.534036097970956,17378.33660647032,1355.239805364902
104.18003477648989,4.760936771491558,9062.424656129238,2206.4302757665487
886.3017900861983,3.7716366062723234,18398.135650981116,1833.0670685037855
376.5926628889746,4.47047546475653,10460.82301451652,1922.4242268452074
944.7299723595669,2.4658265853599186,8577.895681955359,970.0478855511506
385.2507597720269,1.1728547981999933,15257.38961472333,1695.9910860577693
688.8756893806504,4.897270548817657,2390.32687659204,1400.0251769307652
172.02931278934298,1.0686919626494782,2700.0892766659304,1082.0821612990694
318.0968303083651,4.790606612324356,13387.500564536253,2426.8809261418883
796.3114118313257,2.474709695396579,10251.873551545717,1023.3261103498933
575.8172683109377,1.040361620087526,16017.889756064995,1400.3700379220709
935.1721556083403,3.756628926898033,18409.1459095271,1732.4449229094878
485.87626750721887,4.922161216125417,8378.970675759403,1919.0953753457975
882.8311292325308,4.8625028913503705,12331.790505108278,1724.3085799007656
504.05989373041376,1.6437480448096737,10513.235928110887,1411.3954936180148
981.3234508317868,1.72499122426462,19650.602457206223,1342.6641729769133
963.8509432589891,3.2621556584786404,16790.60373977531,1491.3045472111364
396.2230350004723,3.5492193057132977,18323.016457269718,2189.0127145397037
897.3313033751228,3.9576716546634625,5832.461663974479,1124.674530552458
862.8502367940844,1.72420144188859,15678.002040089292,1344.6444860207848
289.61235759480655,4.836028347057738,6043.99127495533,1915.1400276168558
661.8613607049427,3.5549570251569516,4966.108135139408,1382.1125619842423
165.41408403083338,4.38818767548222,18941.057033455465,2661.176210964371
853.0396485251155,3.160262861136687,1366.7839176394664,795.2266388985823
257.0912951531469,2.6571073903595304,19342.385369605163,2303.2901729734313
163.73323124718806,4.908731626379984,3835.976042787318,1937.0665036958628
460.19718598493006,3.3284854832793442,16569.323554072093,2097.7844924473648
619.2299247396792,4.467494331196716,6242.528508293959,1607.6679790335404
869.4252627037939,4.813169585465159,7663.34422118382,1416.7433965392368
976.8182729695628,3.701418508034637,5118.396515117714,1072.248735926706
495.5432613128773,3.1957547140747,12124.766807140513,1804.5049944279522
154.4022306867432,1.0140434036426025,7613.815402649608,1544.8491807552534
774.2040211232836,1.160078562956024,13490.4677503986,1228.949780228781
608.6559306015437,1.8034048642044653,1297.2990408992534,866.0173963569405
503.10221036001684,1.744033727423981,2223.1227867857524,844.1015793431907
378.3419909129707,2.0190351807993814,2893.561901893724,1415.0018391589972
552.1586750591821,2.2197385507906433,8960.88002089439,1199.471415036485
404.8116440113278,2.440261974202913,16481.127280539546,2002.223432284463
781.3106809726243,2.682150760275506,17875.38029718927,1692.0168676305702
589.5043268433769,1.3954653538240587,5651.4040611571145,854.744709731179
889.1629967387008,1.1694477278111282,11913.024760541266,927.9476929627382
589.1895231844978,3.6957777962920937,15598.934861159409,1922.0374905074273
314.436172005937,3.149339299372311,6487.759168472565,1770.377917873206
865.98269400893,2.7765768088804785,8771.146997989192,1056.558927638604
601.4971404370395,3.5377597646734094,10955.509851028564,1627.635804406635
286.1569343292051,4.310717628814162,3562.622081752906,1520.5107350191465
661.1570289605999,2.7107716364648184,1493.663580789826,1129.1567566842127
421.9450884481848,3.5644778602079175,3903.3103770473817,1379.0691781437606
859.9650510628592,4.814288895340635,12910.218803817135,1781.0947546200423
507.96976478188856,4.358497983446243,2398.746969139952,1473.5263973921715
753.797222296675,2.704003242009638,4604.230932152437,1007.4148760345405
185.98258687261344,3.578867351258972,7419.223828210771,1981.738273276807
456.42191167211155,1.708283687663759,2479.53122182096,1176.3376329820517
984.9172928251588,3.2420887395803595,4642.286152071054,920.764129688665
827.6142605294335,4.925313164553771,18314.12599068671,2138.6624736787085
243.94672213023577,3.073260460810089,1366.6835123127105,1471.9286993201217
349.9876445295296,4.710553196760589,13415.206559312881,2364.636465181295
396.83422797072495,2.629339682013043,8303.769687388514,1497.9305548526763
685.3290044459011,4.995379308738524,13780.326049215051,2110.3022152041976
781.29528354069,3.3168801409102313,12185.142686904686,1602.387865551329
774.5739479271188,1.1690759769437382,5246.476332738242,829.8187649668318
558.8866506757626,3.3470191867655523,17096.98026389438,1899.3514131384197
829.7384840543361,2.0982907827183865,10346.867269577777,1090.4292725445107
493.37027448172756,1.1299252881435788,16628.18435935596,1587.9706999928296
211.4925087660057,4.283413218778653,8714.238187576164,1943.8178398856326
607.997657488432,2.1029185479230237,19709.02552438954,1957.5293491242514
957.071246140996,4.186194216185994,15639.29781152463,1660.9048343222166
813.6942862532602,2.152870331823468,19353.053897138896,1612.9252637288503
620.8305829230181,1.7773054154950971,10772.203099287317,1215.540211167647
682.1250943141872,4.89574229641771,10000.131513523309,1664.342184708818
937.5058243320154,2.4465813110200783,15353.6223771799,1259.088568183518
485.50851499146444,3.405504845772642,17725.533997255174,2103.7895727891814
398.25472504837364,3.4399259712578862,19318.770121445603,2323.0118565508533
979.5174085004041,3.241893928694007,7166.486214617495,1043.364842029544
877.0988201593001,4.6587829740848585,16175.38690301014,1898.0995214323739
390.7392261567421,3.697764285467474,5002.266355075197,1565.224311222375
517.4025376248305,2.6149320164197207,11365.912588163459,1623.5043516918295
473.57031610701915,4.4495215380970965,4417.114819774784,1785.47301913973
234.18611080429054,1.7242515964638576,7600.549873256438,1561.1706463952014
962.0373914319332,3.17694703044167,18695.808976922726,1689.0966523278312
463.8811880977829,4.802201487775026,3775.7232956886355,1714.7469141723172
887.7961743741172,3.501590519521651,13015.617007568733,1312.9872729486897
270.42060491259855,4.267873801899505,12266.131185620663,2091.9940616852114
593.0837295734977,3.6142429021807714,3294.028701470743,1339.953866002578
121.56524661184284,4.357483454151561,7193.6018316074305,2108.5176306028325
787.7984354580777,4.7779515193809745,11696.64858579005,1796.6085863549026
622.8225084216506,2.091686910130947,4556.393570781314,1190.976893928012
663.0306251227775,1.6786443250268754,16211.849471843492,1555.8943133977057
146.5487942991881,2.9359630013301596,19470.97368116025,2540.0811105991384
289.9344971877539,3.8074497072968634,5080.428599286969,1735.0450131830403
166.89778511822215,1.9087650127288645,4551.327331020942,1361.700016230154
360.0228842234306,1.0164058017206683,9643.766364151448,1319.6599784068414
664.6951069139359,2.3717404633468213,15207.540265660611,1489.5548176665452
609.5673858856377,4.875437341871153,6350.411594469777,1838.8701578893265
650.9348394520513,3.7798698424233867,1377.7182652483275,1252.9641499485895
594.3261442401049,2.6053017757648957,11283.191932624984,1542.9450572069513
345.7259161082734,1.7703043893873613,19175.410787578843,2090.699821370951
320.0567476099827,2.424358695018988,8434.260252731965,1384.5223625780905
223.35371518292314,1.6793577332049918,8982.556529478908,1620.4594530662866
864.1637874131429,1.4252232852518056,19409.13262516672,1260.272922465117
654.83142268712,4.626969490290215,14197.544620907838,1979.714136569749
267.85991125365376,4.990601353501894,14664.266534000379,2432.3029269000226
259.4884418391156,1.6564577583831612,11691.338102050286,1722.5436761497258
885.732041373523,1.218090235513119,19517.575006401592,1356.583484945276
768.4577773869873,2.3189244285848494,14088.463204085565,1534.2619858954397
693.4591719148342,2.8466367230456613,18005.62228049822,1715.959570625948
466.17769678536985,1.819284988303418,14288.198448931202,1683.0006622852025
335.77800785066574,2.205699647194234,14967.200671967523,1869.9442768764407
981.5056868015414,1.8034829427666308,6517.807520702684,541.5522507797637
817.5156175205202,4.097042273729805,6766.095262262561,1248.3359544862656
371.60130082264885,3.850311772989043,15876.708341944555,2177.3086675201707
862.8083166506452,3.539806063043927,6637.419494228093,1288.2531156587177
783.0387537532133,2.548871428316819,11692.631345229101,1357.739404927317
367.37249489019854,4.636163765256944,5737.693907227337,1729.9948711344855
483.8975688174757,4.87813016614008,16522.68423537232,2303.83105337444
267.35810085192395,1.694557250501648,3099.52567332611,1428.3102777940142
199.94719994029842,1.8920505656475122,16759.486155471626,2027.559554446871
750.485829555727,3.1025241120014786,12451.866209644435,1459.8797458195509
340.76067161847993,1.3650022771289811,4551.281161714469,1208.9778059686619
838.0534291716283,2.7457935952924513,11298.672324616246,1352.3782140758713
996.0478403629835,3.3271650591108406,6367.477900099469,942.1422317161523
168.9578325366838,3.0882942845493324,7145.8793598794355,1856.2524698042982
525.7316125753302,2.3236343323121043,7679.032790340726,1290.0579437370461
821.8563033797227,3.1697832243088273,2203.065692474098,994.1863862886914
810.0558068871102,4.835203817035391,19733.27200362693,2160.617872498443
783.9974424978716,1.8240696171655042,1599.157934493258,708.9711603651814
414.09544177171983,3.6193254335760146,13587.44059050129,1913.223319851797
508.46793011654705,1.1735867766242074,8053.325307391181,1046.7870521705677
635.4715216073232,1.2656656179257397,13274.19552798728,1375.9211088431282
976.5465252159315,3.20731289689434,7768.716808664092,1045.4122564575919
394.7925438446436,1.4197567213117979,13801.262278918315,1607.725388573568
930.829498945172,1.0893871537074293,14855.474679898854,999.1821230826048
342.4212263624447,1.6860519905920888,14120.50016759325,1790.686857537
990.1670189263341,3.2593966839982977,3165.2776458048934,759.1952021606044
703.2373181448326,3.8133638180757297,13480.971458439008,1719.9238944021756
517.1603323226959,1.80991425656552,6319.763439627849,1239.4099722421138
652.0513852572444,3.673037748832698,1547.226040817337,1277.2142364665888
345.27805213618615,1.7299053243969174,8881.782765890126,1392.4162219350353
346.75647176032,3.4538297065250285,9237.318953272219,2001.843815403885
202.19908945914446,2.6478387195831954,9876.308533696483,1852.5082505116804
202.64526793485888,3.615198037334467,14391.659142423609,2135.6844704723408
412.9045673220202,4.980211009916989,6868.032373706724,1963.4444582057104
786.5699301067344,4.751267860930248,6990.329748974529,1474.9002080796959
647.1740508383463,1.0171270313444145,2150.4928685839513,707.1828475780519
192.32610429791873,4.5417550574492225,14049.603103853624,2414.219437618573
867.0128724783199,1.265963180699066,11788.695736592095,983.0419195101126
641.2308642910598,4.81218634463938,7639.077141181973,1612.0009240373004
964.7700191063018,2.127302716398739,14398.590599429739,1279.626177216569
703.1669206700868,2.528139321645084,11209.797235310667,1247.3380687093602
257.6573773337629,1.3665528207029114,9915.653971540254,1400.5593958433326
526.40502607704,1.4490910333156384,10715.166329561403,1335.9075319789065
683.6478377924838,3.9069622609172785,13090.614380074074,1912.5597581124728
125.43823094497992,4.777328942993167,13540.04948691739,2471.770722293082
113.4192377393271,3.442993979817238,6490.198563673626,1969.7867186781984
216.46270053871112,3.863400062107244,3674.1239044319113,1847.257524790688
326.4979915409237,4.0478789783886135,3976.049442619856,1763.3487199971987
486.59421116860796,2.051257098211767,13148.42683215703,1549.9577211642288
538.6964263838095,1.1809185236808597,17584.592429575394,1467.6122281117248
224.2248480441071,1.0074909756766743,8780.429288565483,1195.5400549523663
706.0524212042477,2.4025971318160746,4220.883046259785,959.2271075257171
636.5242555268813,1.9658569127968644,15375.447467583237,1643.2282372678708
365.0176889570442,1.2492709001967426,16817.30001396952,1613.284893304587
112.2938950917628,1.718113169974667,17731.066419298364,2187.903044619966
169.88312381796166,1.4979955930717912,12529.797149360931,1661.190599259256
452.5252979597555,4.6595135224694815,17353.842628373608,2357.676795591505
238.57691604911554,1.5610688538366757,1292.884210519746,1209.0602266597086
439.1376455331737,3.1505938559507167,3037.480233620947,1276.905593654174
665.3643440593196,3.3724238204486583,2758.945273989876,1164.1161517995972
592.5136850913552,3.173957830834535,14539.489000839927,1727.7431974450153
308.0582948236548,1.396225736863952,2322.053887328001,1157.8044128093532
409.4402421328772,2.275193447002205,10430.923076859834,1590.6763179590191
652.6280786037855,1.205081329852613,9981.431074089493,1093.1105085141385
874.7695252391038,2.582679656385264,6903.366947606578,1142.7697494324757
777.8920948649895,1.754395725086368,17537.698228899895,1516.102575834109
598.0600241500734,3.246530133137519,4238.230835719924,1194.1223576507978
426.0636984848376,3.771233575396402,7696.792903585557,1704.4362716939445
428.54614978762487,3.128479440818826,15709.258500435653,1975.022784889957
891.4755792379565,2.736946786445583,1578.0239734724005,742.8469339873013
135.31921843649175,2.5493336834267697,13786.057604681004,2316.3013261436618
989.1843799782349,4.366767072388015,16511.55680086984,1746.8320638139596
697.937869766406,1.8774722602610803,18713.08893792518,1409.6207721715914
713.0239291651515,3.9368733581154753,17649.636169338213,1902.5526537531578
134.19805357426793,4.029929298960476,7068.298219840019,1831.9655084602475
644.9763474021449,2.676800029082938,12140.9186851361,1464.4497669666634
536.3002540814023,2.1892023969025574,2468.576369858851,826.2380208194088
195.20101620466028,2.882165944183901,5899.530067412164,1589.0496288958855
350.1298096924232,1.372855703570794,2790.2251962026403,911.8804378684556
901.2830105922861,1.18372012891636,6988.558512925313,723.3049586339993
594.9895742793576,1.4464127978075672,17628.55705571585,1575.7747743308362
472.07491765651787,1.7485801258489047,7596.16995381156,1287.745835953714
165.41394025672986,3.016707281352172,11676.063957027101,2011.2755750082067
742.7093746620751,4.3965465446444885,9234.236114183876,1458.8819649555746
732.5657410564293,1.942569327998748,9719.413961675971,1193.2709595525926
652.6392462753072,4.740648042987113,19421.868984894605,2458.806267593791
559.2363815985843,4.819631635740014,6626.9348970133005,1776.9579482607382
490.4059619866354,4.835618419380821,12919.164920940255,2080.0835080047846
633.943983689193,4.350250938705296,8981.190722009494,1542.3590225417965
310.055906555566,2.4553001631908824,2161.777439906038,1198.286301001916
947.1331577598829,1.2907356440104922,10297.285800860484,871.1822267424457
629.9150762622066,3.2752749270659796,16453.523251857056,1955.1278744237798
380.0731999189389,3.234725775748935,2876.306404952079,1436.7738929506495
504.7118657966415,4.399903068438382,2322.2451005298703,1571.3697318881268
825.116309989203,4.983964203784421,3918.9988874720666,1438.3942995440086
245.4544546572677,3.0326292262405903,15523.602116396816,2187.904935549283
363.55206021423436,2.380816124159137,14755.912298750021,1784.5594200289686
711.5572204628999,1.743606846225068,11735.3376092161,1241.3233804404338
383.9402858340015,1.019199299269483,9896.301677760015,1229.876877519682
813.2515136753194,3.0364547699555167,17878.190479349818,1689.6918595790853
217.40813845962475,3.222074666810383,15567.258652836168,2238.4560806509517
786.4175534091477,4.299753919269589,16426.9027747343,2062.7567499201705
161.51654336550962,3.0183078715712024,16451.98372566243,2133.771019795089
111.3333514007453,4.665873394664226,13211.625940165603,2530.5733876395107
908.401166948946,3.512333906285742,9702.277862002971,1427.3031665707103
623.2052952390687,4.361344952884332,17428.877299127358,2196.392336878045
416.6442073781303,1.5932069392309884,18594.140934461764,1914.9987714736599
309.3351732674654,4.421344521209258,1452.3148219085172,1706.3189622565935
655.1972049347345,3.7005754177753936,1979.5425920587747,1313.7284572008246
558.1019651830644,1.6809321297533222,19216.12264126031,1630.1427760193787
992.4379979769867,1.7590542325840435,6266.0516630397005,534.0827650947824
984.8943879883711,4.706002476176885,17594.019353338954,1835.373660867428
671.5221095274487,1.1288614418014915,8387.10726026665,757.4893314890111
498.58345549530145,2.8501397731828244,3262.9010945777563,1357.6541342879523
542.0268722211958,2.2539011597364063,2528.420803977351,1157.245919474497
714.2311596131757,3.660309759993712,3973.650082528673,1173.1782410035478
191.41708981184323,4.358517550275968,5747.97070247993,1930.6078957012958
395.51686642964637,2.4415124862262783,10281.848724685698,1599.643319534827
167.74501690324348,2.7076083492913487,14328.460110749887,2095.401723536483
166.0246835652276,4.927671138005657,19741.5729532207,2819.305583616367
276.25531770481035,4.135666038716812,9388.62812249425,2076.1325068510946
536.7279291339041,4.588816523727166,10845.513904519088,1906.048435536636
806.2968890465104,2.755048882606519,10914.498326281857,1384.7571341366659
536.9463020492854,1.9363048159364609,11249.252754270785,1457.3720765640765
401.9289495047828,2.6474538615458068,10837.072484984783,1608.7191024663541
174.11769130308232,3.864367671326054,1166.7203461764386,1790.6031270513604
595.2659708648166,1.4377216193439173,1032.7716200869734,608.0912353960668
344.14172783485907,2.0818764224660353,2855.6600443963353,1205.7999777960172
653.4407601254327,1.1865436018463615,2929.5754651543975,827.0384736091064
979.4689652191764,2.7293909533525262,14393.041270141126,1213.7539784671708
200.18288932979516,4.309782943918453,4893.404617803995,1937.3994950208103
290.91285884974593,1.0986547531920432,17999.567990356645,1883.1304510063999
525.7850842894372,3.701294107228664,18643.52026196337,2060.5973634563406
971.7524338113366,4.729983498054958,19541.973420022077,1944.0951648413554
794.628798642996,1.9477114460447291,18842.544792853383,1521.3903471876981
908.4062738465472,3.7745393629105926,6165.878116451968,1099.6217193749405
