Customers,Ad_Spend,Discount_%,Sales
144,1854.6874770553886,6.517656502163277,2149.2163246451073
359,3834.2660013000614,10.17674369434482,7807.4898017870655
181,1869.8035085897704,38.45305665798621,4508.178336323188
88,2592.0725574158555,21.27528296359214,5555.701474941911
121,9886.025427215913,28.270796987626902,12512.049022908717
330,4996.932012159567,1.0504578493180372,9744.553189367414
382,5786.845898545149,1.7215654286657278,7751.639079095713
209,8862.566758634937,22.291277491350808,7025.327429724705
236,9960.12010441619,40.832762160081174,11074.041380121149
240,6244.430044102134,44.26194393537826,4240.764511612967
471,8312.264389397544,4.335328379782011,10677.432909967454
169,3942.4692190300775,26.918155105051138,4568.291841528345
269,3751.69561702562,45.66148431396353,7992.3404644297025
102,4624.333488951042,19.398637719894317,5457.872191154968
271,7052.5653640628425,41.47829157141843,6931.7274326737315
461,7139.725203295889,6.68478271997181,9789.812932637013
180,3837.154911845057,46.769724483389936,6444.1804552557405
286,2198.8893172296584,37.57116587656513,4543.026664308603
295,6691.566308189577,47.06671963934508,11124.354416430255
275,2154.9327596988805,33.83086167762532,7097.434080282428
257,6206.432574063971,18.17019659997135,7664.639315421099
455,7240.799152506781,46.909058626236124,12165.461945339952
145,7305.503467550065,13.778338815458923,5169.537276202612
471,7781.248995936371,16.60862610308663,10035.214175654679
249,8855.734794090982,35.040420900087014,8014.231382769789
296,5499.630927683096,38.26581497626931,8955.065147886633
121,7572.242705766141,46.47017419245769,6932.554798149531
367,6572.554618292531,10.240120452810475,8150.650798817056
234,2679.759458179143,39.8999017609612,7147.041250924107
55,1231.2068038246734,36.927302669848174,1831.2566106369927
255,3560.872471092404,3.1897278126798936,4282.609300621463
81,4987.303357038574,19.361157060510347,4604.557838326536
148,6553.9534998579065,14.13827285300493,3753.683183743377
443,8649.63397452885,15.22452121770152,7899.859911747051
436,2766.211450355491,49.14734397773504,8895.843453601918
305,2129.9481090862937,32.138870673996394,4967.923880601307
236,9671.319527268948,35.883807889674976,8585.027216088274
125,1972.401034387664,48.830881865750456,1904.3523182199415
226,5306.419630964702,18.860089122881934,8838.27587734513
364,6270.073559139717,40.0920084226403,8073.891460166387
336,5872.369788166944,21.72654816522477,7546.717101046348
398,1774.2894132964889,43.47668359074899,8482.444913629693
304,1513.2422260325743,9.03287706556516,2744.0500576822246
374,1949.350847149321,47.38430885321398,4631.262054141532
239,6270.289154853513,10.938585420543983,7700.821957224462
357,5899.10398870889,16.311025349046577,7740.877240411039
394,3103.6671283306982,37.80961170533902,6415.035584483819
176,6739.967276610324,19.687757078270334,7610.48512576521
474,8380.607518500845,30.410568838322334,10284.671817800883
336,1374.2106386193439,22.228675053471424,5622.654221281252
303,5483.169491932382,37.118496854489095,6236.693747110947
262,7203.793708924212,11.416562618430543,8367.102479330364
299,3270.807343627184,2.92289936184385,8843.014044484016
133,3769.938147638342,14.996469873653313,457.81861262800794
432,6522.741126904454,23.715433243421515,10440.994605821948
455,9081.417640993632,8.40100260963393,13246.905756462196
437,8289.319782726094,17.739864482819435,10211.50168640789
62,6248.171971896251,19.999150914678427,2191.984255649924
94,7571.995459815243,2.869592184413677,6095.316627850702
176,4283.402231870188,29.16536240921023,7368.315370873499
475,6768.689752888819,44.217171398564375,13174.732659706633
163,5195.634320148013,7.587145647652621,5926.378748856714
482,2709.425228118048,29.8904006700757,9378.348102677823
325,7315.644464895315,33.23696024554231,7399.536326589901
254,6008.181736139398,20.966734020964417,8963.915449176871
386,4227.594237582322,35.0548793682135,10224.808332860444
487,9202.052710707676,20.5365771745506,10040.641261534318
469,1188.4070604405995,25.231864398871746,8862.800273890716
434,3841.958361245464,0.367652227721349,9743.97997621673
448,1511.9325799988192,34.58600570673444,9931.913948285111
322,7898.745845994645,33.06713394723622,9290.736363687603
457,7318.967087024133,1.9200438663172281,8837.749272546123
107,3982.1699686268535,18.412505369756655,2960.1027319804693
377,7080.966119863658,48.95159203958337,8160.015183811573
268,4563.4350357635485,21.03682812843084,6620.3327502204265
158,7806.284122801909,25.097270256592086,6281.316673395416
328,5087.652964630355,45.49650790798593,12663.82948201231
223,4710.51755048499,35.86309379328782,8206.874935984515
377,9412.569239394708,29.10350655621118,12882.450884599772
313,3257.911899016302,39.890234067053626,8064.465612504682
364,2084.026059969089,43.218313322798664,6631.744003103481
160,6260.888019335123,22.844403586863343,5436.552163768681
236,9723.89631055761,23.75541824659177,8509.3179205774
318,4400.552923544679,19.30254678259179,7732.7939428264435
472,1558.3308726590337,48.33530700092303,9604.211196794875
278,4053.7474057861073,34.85831271451752,6895.457212544448
205,5553.384888876026,4.1611533104036145,5353.718555959818
238,2457.3070596899233,43.147981165650926,4473.381892182011
321,6922.919962508428,24.027997041813403,5971.722406523976
424,9979.744501091805,3.437695321124373,13985.384487061692
51,5065.655283832994,27.485862758165553,8258.604033610636
295,4192.557010571914,20.858213948785103,9337.11634611816
259,4606.337501510199,43.88747024313125,4547.786903756232
450,2036.3156055568102,10.199730180469368,9546.185545669576
335,8949.462412836014,41.32323047460915,12373.748419151823
408,4733.430899692168,27.884434559272638,8237.52874378882
62,4485.469702823571,2.7305151606734523,4205.199633903313
145,6937.212456374269,48.59226506627423,5702.84546446738
270,4978.300788380111,25.630762205159996,10109.623627920735
287,6834.101219270615,14.543842711579124,8743.669308297518
143,1553.0166111770877,23.470342099462904,1556.6041648357048
387,8323.510093500048,42.89288917587445,12164.22902628619
318,9464.535575914624,15.245156219253175,11924.732259322871
220,6838.888475434474,9.633819824335015,7308.383936475688
143,9591.093359729297,6.453562346544073,8028.501310282067
198,2362.89082932967,14.892969919510563,4309.79795459745
161,5296.745705323183,39.00240435200217,3574.8600334091675
104,6416.2606055090255,23.581318259763083,4936.289151108758
386,6235.62982679068,11.374080184676998,10181.375783015998
473,4613.1560118013895,8.30924998048746,9311.709269543968
165,4042.7596842963526,16.636473825518955,6430.640172137737
192,2141.4162029537692,46.99621864428544,4106.269351967425
250,4525.682055060504,17.15133562950122,5702.686085218622
229,2463.947335949366,49.40620379773177,7317.337739917128
251,7609.291088429965,24.261522788267808,8498.581033586428
413,2879.4784194513095,8.958195914507543,6990.459965704622
102,1527.0877475608047,44.55700458967547,5252.29471759116
433,5971.295240355109,23.017768656741346,8563.531557411327
229,6357.067594474614,35.48356717522622,5869.307222707133
463,8847.21755152455,49.185579160457586,6693.4227368432785
466,6192.834511759137,2.5087675159987,9028.655509044649
362,4109.327683511012,4.834727989378357,10198.791759387637
357,8227.106933736884,36.02283707313781,6044.4248359863195
186,5862.51003868679,14.0912501647736,4099.239742180432
231,1713.5225616807256,9.215069847504953,5384.199789570802
416,6092.6550428192195,1.9680939909864748,4835.955853443884
50,9172.166908794961,1.0923355993100903,4336.532939364153
93,4566.813629483985,38.72428015598955,6734.618849083276
276,3666.9322170982005,6.7216713684775,10193.951139616629
380,2291.2251131621806,23.386030798557545,7893.826303886307
147,2363.009697418216,30.29484075897415,2139.4676274063568
257,4894.94335907637,21.417590028442312,4810.566002810467
314,6361.118417453766,1.3553326168116553,8207.481799724925
337,1725.5386465264157,39.175075129395445,7263.197468181315
320,9456.117301226492,0.5256612270826744,13254.429395271398
189,7796.2025570067635,38.0944947188742,9436.600877955272
286,6279.615264552964,44.66522468940614,8491.325101841587
490,8455.948038450917,21.641996052858616,11340.399433763792
441,1721.6808113090196,26.777123654889913,14040.806297356728
121,5291.54989959812,23.849169630882688,6190.947942408504
204,6670.838141754971,19.460430931171942,5447.124262345835
239,8457.876155064603,44.371226768518014,8252.116765719706
317,8051.226040443409,44.69667553349952,7919.637050885495
370,3493.6232474205967,16.790818232076727,2823.5289366510533
156,9467.921526032838,30.7534877007349,8314.332499445762
281,2119.1125728778334,46.34537810729321,9766.37228169941
91,8876.202567590368,48.10292494706758,3504.0453782419277
239,9738.462246441566,25.447952021102378,9073.715355400866
420,2594.38170900363,22.64124026421634,6636.2061015109475
188,7498.594577834067,13.934715796426289,7890.996655985265
152,1362.5696690019863,47.9435936595205,3575.4963942422714
220,4648.805426252395,7.140715223643368,3047.107708763863
400,5646.549692779066,28.99147880238625,7440.896994537787
322,6225.807033186707,14.127513375931944,6564.852720143575
465,9423.435234237035,13.95041451738983,14654.362323440728
270,7050.256185647752,20.248429368809422,10566.615234060366
262,5331.501560973133,49.939646790782724,6971.847942076825
390,8287.075326393004,2.7483153419911033,12504.110836939017
473,9554.79538858968,28.927090910176574,12104.571833706023
456,1198.5953381406175,4.128607901763859,6868.544310205212
105,9842.691450304348,7.726041499525948,6765.102236245043
439,1775.1892515731229,21.978147088644935,8481.808124806734
391,8329.481013418852,25.523006567322064,9429.311052325864
483,3523.0127729627125,12.9396204182262,9309.030279210327
151,2189.616919784846,15.822856543720809,5250.910602059886
470,4958.700757424514,4.348351012796653,9875.396677380286
241,6795.609215028522,15.160989192212526,7401.590195607152
359,4428.566605211276,48.3279219690272,9554.202170547771
249,1491.0886745442906,47.235369083624086,6758.663840661846
282,6395.150256928449,16.74391450684925,7637.221781375365
482,9121.629484996072,28.54269681393808,11413.3065646205
276,4448.938293525265,45.479769555547215,7652.471144822048
420,2946.9949986774436,0.3091911320448337,4591.75386233302
188,4983.196113395339,40.53417851687959,5701.637636027552
393,1435.2643994390278,47.418477639445946,2617.881935879911
354,8384.388260322474,4.566286716677853,6241.936297621793
198,8437.06729855168,8.072384301646052,3697.60963647534
164,6292.004170866656,48.03731513856777,8661.451873110786
499,4177.926000445505,26.877007182017316,10139.46677580175
112,8198.05028001205,0.7098317235861851,3269.1237280450796
153,5992.183223095305,12.881599938176457,6530.855697201894
388,8433.390776950146,22.49718371344298,12463.948021476968
408,6683.129133247186,34.64544555123838,11171.444589943108
205,8059.649258915176,36.65801890683998,7460.564750609215
322,6387.06693895984,49.771075646272806,9483.92821924411
55,4727.269613940996,14.37555996918795,5279.139072639722
196,9621.512739335238,26.91100509342376,7350.484796210782
233,5870.024423909603,26.666177392980252,7023.0696063300575
77,6445.805666864845,20.282262972361874,4269.162003666798
499,2984.388754732743,8.45809469212101,5919.52456590382
87,6630.857104845489,48.872828159192125,7431.02147689519
168,6144.468845346495,42.6658593333293,10560.095339327854
342,2663.5455815232244,24.91665141471186,5212.516576573469
420,1536.2838761782934,30.16227113420149,9596.747830545775
293,6439.23387743294,11.363052677983115,6157.890432752931
117,7873.230424152885,27.189353519587346,6500.977912622318
263,5710.612338298074,34.74850665607379,10511.300849850066
267,3040.9536278768114,25.75835141932944,4999.765871540772
226,6998.697790237315,49.514258529247066,7850.261236919852
348,1720.9515394864202,30.56708281238631,3088.811432974783
213,4976.5033432175915,18.548685629608453,4725.816696308502
107,2470.3008255857817,38.607601380791905,-200.24220359268247
318,2660.1314595389504,8.523125579082102,7128.884481101115
357,2820.645542423833,19.225790685313328,8813.113702821338
107,4480.363513395801,17.34794751887929,3748.8709339338775
337,1460.3518505835787,21.590354755388862,6788.756954913151
154,4580.140968361884,39.08899129643631,4730.389399608774
277,5605.367024032307,24.208651608170374,8922.947275928434
296,5349.648564696927,39.70072251329814,8167.762602864824
237,4445.056903627365,28.824445156993296,2382.69064334643
132,8552.319472636773,17.103471732877768,8478.190807161582
235,2307.940231784537,40.49893718417362,4709.863270409434
301,5551.270694032366,11.914483527654578,4988.166075152465
404,1558.3727526089888,11.219148989989774,6185.701411416284
287,1640.4011099011877,25.22514620274179,1825.5641819125503
409,6164.792647093866,13.042462298104446,6978.4669470309345
233,6094.165823990388,0.4543517475608161,6837.069167177187
333,8902.301615600114,32.41487636494008,10547.871707779992
434,6020.863080940659,25.5546910736199,10644.403030453064
475,9638.119183643652,22.27589072465806,12395.997141841983
259,1438.253635599368,48.348425730915764,4185.365085473976
353,1882.0691630266697,28.559959198145684,6698.315486555118
345,1396.5927541334327,43.171578889469224,5862.31306096033
146,2667.49165300186,6.972511810258009,411.63286655572256
496,5871.430998475103,28.460323156471386,9400.091980345802
257,6810.149632846852,43.39898133654515,9907.136905492378
419,1410.2664215380191,29.1552878639949,10749.827272158796
437,9513.738008610393,35.900708906350076,13332.433270669575
471,8579.488389853428,18.60217839061037,14814.18328472375
460,3669.512339413838,4.622475851853331,8997.982907013902
186,1694.6877720382117,22.89501475635357,7579.996350551255
416,2528.9836589715155,19.723969541942875,12007.948100981775
449,2142.499723794754,43.35300911894737,5206.371048203948
233,2109.554013690522,12.199765117623611,5236.758923463399
125,5667.055197991605,48.3367113767554,5848.1222047059955
336,3212.6269824406027,47.90690599022481,6756.243979856599
424,4223.257448762301,12.381582153571935,9703.091443755362
191,9905.548000458903,17.402597773866024,8248.076092990526
286,7158.828240328103,44.777787043694254,7294.07202025385
74,9540.826003423012,48.331111044805375,6793.82501253365
339,2283.0089952980406,22.1719551418022,9079.132759221844
116,4439.255273493123,16.049852282044892,4645.700876152811
299,5992.586229541189,26.3047006625771,9261.296624534403
457,1690.822556998642,34.38846031828674,7834.074284306873
167,1037.6869926516208,13.67372576874899,4201.44603200402
122,7033.9090041722575,36.82365873095364,3664.9986157388416
331,6776.3756512129185,2.5828678557320517,7405.4041838815165
453,4697.099289996506,2.4647246382208223,8987.506920630813
497,5406.796684288293,19.314385257277262,7992.014206036616
409,4738.987005328807,17.67365960303603,7197.53325694058
59,1216.0454036039996,15.781660768357614,2434.879454316935
260,4018.3444559571617,24.5509881334455,6659.8558232235555
372,2593.7402985756084,16.03667911557856,8810.334580914792
201,1885.8177019123186,9.612895923404597,2949.1447330539236
54,9610.483905004148,15.473477454430046,6039.9159536011575
244,6394.237525379491,48.74521364051175,6488.288213732324
491,7557.906558129424,20.55567084974243,12967.323794278214
332,3838.2736893950573,22.23563884291679,9725.34185360636
162,4538.324165446136,28.827249497557002,6242.356727179813
320,3132.315945070511,49.16703842071133,9471.887293502648
212,1872.6910386888226,12.080063821788151,4422.9465215558985
154,2611.284736974254,34.06410552662169,5908.112149009912
230,8177.626407668373,35.799234677086204,8405.633382600832
93,7097.912246653982,30.366220839653295,3501.424406948521
331,5922.359883869292,4.428916981832204,8508.201058968503
224,5275.808855800913,33.84361379137882,4684.183316147014
211,9301.90855290512,3.204735551808774,12558.306890626558
400,1654.6145300080157,29.807132477494847,6755.273597003236
483,3525.4073191412435,36.97905886108713,11037.360547690358
389,4149.440682136426,10.548494530997521,8095.863792636974
189,8041.83230991509,42.0811003771387,5230.311314428507
181,9932.631581457743,1.5176902766502132,3914.623536132733
136,3166.034632814378,42.1906431829153,5964.858090213757
225,8868.766007233726,23.016452532138253,11368.393907801747
232,8475.604843886122,10.879396996582225,6465.7829474539885
417,3021.9165787758993,6.6889072496984,4586.351395262736
178,4593.993221793004,47.66535837911863,5269.9783136356245
295,4687.055823632672,3.6332793790578357,4966.959408920026
138,9803.986016739025,9.954670996796283,5870.455068581252
115,2628.027112410085,17.3911173716523,4607.583303088659
207,8192.421739943038,31.011742448056022,7720.519624126963
436,4007.7344275579894,27.240054263804918,7429.653181291058
427,7577.833111985444,6.282174620615699,11496.561620927425
198,4780.099038660966,14.486399186910731,6983.52219322028
389,6205.23786804886,11.937588554301204,8502.255733021206
482,8493.50595993518,10.677142724517068,11966.128876294051
165,8237.490084854957,20.55721682399935,8045.8931450614145
263,8797.808651857302,35.20157262958284,9900.142040487102
495,1536.5559281019312,10.872646610861796,8491.959070199267
421,7228.454977357704,18.33394398514907,13161.078604832426
343,2259.8863904958657,19.545871342058113,7831.222248119467
302,4742.367112165699,48.82282647177051,6976.282052522794
192,5937.295735492196,47.733317843953444,5913.976089227358
299,4624.655362721476,40.006879137603796,6481.292563839466
415,5676.505082227068,12.082946040959259,10569.153356388342
485,9968.736779187573,3.4018657045834844,11081.910583681642
351,2216.9558234156925,15.845206886031239,5840.583871022858
74,7079.10440802783,13.339727471691543,7032.391529679371
326,4564.008697470537,25.296290007319694,8061.194073016441
426,2197.088190165959,38.88639550338965,10663.337259393147
427,2428.6308703687855,42.9161469439429,10073.758120767936
438,9543.457956210552,42.243204270525425,9833.249405375656
119,8916.413470405858,17.983778061153387,6398.6161799445945
162,9163.377643735195,34.361717173034144,9678.821245265364
412,9923.79498244648,15.641709876211001,9010.379558445436
161,2874.838510076662,3.0452771617591354,4752.746438990866
413,4198.954036276556,35.07826328014711,8917.569336343731
352,7022.971269323801,0.49137762848939226,5291.7357029869145
140,5354.222858745825,20.45912937292443,5425.6126258692675
67,4765.5058004050015,16.468963465103787,2042.1961372515104
198,4220.301244020337,34.66887692594262,3438.2245962961697
276,6344.02568749107,38.312273638018944,8096.539668151179
263,6180.340857760738,15.204731798564191,3477.5591863456384
409,2453.1205065781605,40.581350722242675,6824.60668256417
200,5245.658537665951,14.695838025246688,11019.094534343205
241,5981.245985888649,22.31631799932806,8352.394139744772
89,6132.582448582514,36.3509263507067,3365.4599389706846
291,2890.9647362111664,34.64601146123943,9311.734477531165
187,7680.442530270581,49.36842361561,5648.502615893223
394,1226.7918533896268,11.258051210796594,5641.1666446398
229,4193.4866998884645,33.115895676979115,3896.358443625238
249,8021.913836820702,30.48409541378887,8867.79858401817
252,6075.036289498621,45.7549227245015,10469.875843433598
110,3350.461892597742,7.818107082243753,1483.5806228240333
241,7254.57807408743,37.58990817934665,3873.2011258124694
54,6106.518497404661,28.413430813438417,6613.461214009938
427,8166.192485107485,13.73329348939527,13870.363114517007
286,7615.226675708411,23.721745707358703,4581.887319171913
230,6490.9712983261115,16.68882985348989,7949.370929125742
360,5393.599077797327,28.965670139423043,9129.123645917702
86,2198.6391310077106,44.450030540733295,1703.3695665430116
105,3351.997160968454,28.4652492206101,1031.5922315579633
492,4771.895256253767,31.586120916329204,12381.17073734658
286,6393.6935830574985,25.937392355735472,8363.73570155785
407,5623.370696937744,2.5582753222737953,9476.70376976779
398,3593.660733635765,11.642927843804712,6756.150218027575
246,1058.179220107395,24.600086471604136,3107.2729305858647
122,5466.152997107325,15.511764187235238,-36.635300249525244
108,3570.633897060188,9.088179888059711,3131.02448672153
289,7611.474706394815,25.206642095921914,11522.522954024293
51,1215.5163874343514,16.140489672392516,-84.94085293228113
498,6263.450301752117,12.905382158670736,7815.003405515993
409,9473.268137554589,23.19927087201904,12206.948619131677
237,2569.6834040034955,6.664212904108657,6213.285956976593
356,5244.845416755358,46.38728665377037,7718.356520090734
79,1822.7979263542434,43.38510489596195,2266.5721316970776
316,6631.1372103521735,35.38102928702676,9290.99542535414
157,5954.78512536603,5.310691379422811,5127.507453012818
381,4666.289717915492,38.79386272348465,10824.280784935403
472,5692.393193263671,40.39786640545095,15608.639076589294
139,9069.171926221092,38.38823088571689,3969.023470443972
254,2766.6487207996033,5.698294355962058,7766.800508635004
428,1203.0806053481251,32.195397853388236,7875.967661788495
496,8754.98396229191,41.71623978746993,15428.218654603676
497,6194.053741491159,28.867670060983386,12578.089294496605
494,9015.926099156582,32.32036876140445,12686.683344677804
430,6372.507010718553,22.91817397131531,11614.662869667649
487,8291.449809637323,26.43536599420263,11191.120682333118
269,4867.060270196332,1.7188429175862607,4954.304149240182
427,7748.739381594419,31.94815109866423,12540.058943967193
143,9217.373202008705,4.07236064455796,5146.476916316504
152,6149.106673499857,21.75072971701117,7074.313114373287
272,2627.066355061416,14.632754883370392,5747.683441373113
235,3419.1785352717834,27.271397510585654,1121.1339156024533
233,2787.801192076652,6.670816776160354,3873.552030635653
211,3221.713248361596,34.58217009866591,6137.1764162033605
296,3757.7390441593275,39.75057684642352,6301.879731191149
80,5996.204080778696,8.167722487157825,-732.0077333918662
101,6291.924665174495,5.215654367594108,7406.775675591451
394,4838.4977251767505,7.275774139367957,8813.514447918957
125,6538.787018387519,43.856378094925084,6908.999653631873
434,1734.1743305022933,26.40946308781781,6958.724122651016
488,1790.0941335234397,23.36304980037513,9745.287439062537
327,2546.4651432189257,5.335590955117714,9954.584679885224
89,5662.697482363103,32.47780033784809,3345.758780683798
150,2925.9521082848223,43.3999795947545,7915.001056751643
160,3549.559631433196,41.40929346617265,5800.093816824065
434,4602.815525556947,31.302735449040064,7698.596975685547
370,8306.795116093417,3.763935832583681,14203.4575498804
298,1124.759223215741,5.6198513588006485,5928.057118561748
240,6844.409382129602,2.465449355491234,8424.471015720708
231,7019.888779366168,12.873960824623465,6693.719396722037
475,8187.902023209729,6.783073358018887,9761.959188106208
454,9394.776451542819,13.002402012621694,12103.062755375422
384,1181.2406405436084,19.252902785948084,9898.605822957423
258,2384.0533496189455,47.149139203556786,5385.68983450923
71,8975.541646503938,30.518802989084605,6109.644391885385
215,5126.667059683138,41.748689284148114,9535.964259483702
148,6081.3157504011715,35.51757503561661,5370.355684304437
257,6967.244833508326,5.625156526331587,8471.678169619037
57,7111.599440460736,36.796020318697444,6901.421140083712
239,9385.663629848574,13.754944077956221,8159.368798729446
224,9972.544756705027,31.955392349735316,9605.055411747066
322,7481.417148378462,17.048098682149426,10233.876103194567
66,3584.990882846357,49.88361316323296,2978.3373175995844
139,8917.771620649091,13.177573974838891,8438.96761980131
190,1442.9882308668543,13.956523538713483,2756.652419296819
194,3079.7276758704656,46.53361277811992,4030.3609355766484
215,9076.471457173433,1.2322202318161335,4733.798011582126
386,3305.7236299541946,34.834449393659845,7132.626115048178
127,2985.8595365957362,36.26631953679391,2492.250755293305
478,2243.1276382622254,41.81892887051997,8326.194484031563
311,8732.005818822248,48.721965531923765,11229.427483878575
212,5500.52433271978,48.78009595783262,3454.5155787663375
415,7074.038827487393,3.2638378783231947,5877.954382135944
63,3151.597456675267,41.09196613764512,1844.4796177879703
288,7822.363789100948,32.31549668286907,9799.95281538117
121,7840.049904658887,32.36710671865456,6960.096980741908
494,3813.382224174701,6.41749633073474,7914.916372880194
192,4696.143697092546,32.509358322282665,8217.075479304849
359,2887.2124968718076,49.12412903006239,6494.26895880047
332,9789.04920990614,45.59092847697235,11711.25114674677
318,6810.423193525705,21.956533040242526,7888.769602499359
290,9410.89492643964,1.997398664304717,7357.842734518603
464,3730.4698926621986,18.114674500010242,7977.394860101826
294,8037.018216972007,41.31951558002776,10722.900189713673
212,7892.727794962678,35.0749550732583,8549.913289232016
109,7224.900866798874,22.96718277969782,7642.999416546479
55,9690.750777401205,2.7550767579415547,6447.449088933597
246,4541.99802495684,21.34473639116513,3165.554813953284
107,2176.4559123078157,23.451246985894176,7391.082564489378
354,7045.379733196547,46.427776644706796,10511.583427609346
456,7563.788204294856,32.05430517910797,12292.323314506048
266,6175.545161129332,15.582645832732444,6635.7501382261935
467,2861.3610382005663,26.26591322253607,11187.35537015242
75,5540.103475024198,3.3027653911080037,1774.8919241340159
352,3809.7076291221647,48.62841178248684,9377.080205537804
54,4847.198753500202,18.0029950965363,-565.607285813252
69,6806.967182601975,23.89336774565679,6270.767988914489
439,7706.9326842175105,17.76419871184613,8634.64949306682
247,3090.022218112088,34.125586505810006,6486.5118800264945
108,4647.928245822581,33.11160791647965,7320.877214733233
497,3422.454138924663,35.76611552645678,11526.984128992346
291,2787.684524756822,13.407161480596042,8475.748832225454
195,8050.484979962545,15.783424058203298,9507.607858440955
437,9183.274249932932,6.2625615548103974,10223.322870242917
322,4332.08967116119,32.77549859230563,8848.215155042415
298,7761.5103193639015,1.9898563667826275,4940.718495133983
63,9072.9576042797,29.884116776172952,4705.288301774807
62,8615.117894772084,43.48479424258169,8892.564608805778
440,2645.320496853033,44.541607414481675,8043.418791863709
433,9606.626933620251,22.451888018498085,8011.347453838601
93,4390.087963865162,22.965184410653688,8076.745504808369
424,4053.165950564527,3.848459150400868,9588.05272462972
448,1561.881945500023,33.53825127215179,9700.662438804628
68,5375.562886943947,41.06297101864227,2568.1017940010233
112,1981.1225407683582,12.232752730235653,3483.329466048632
288,3236.858388346834,21.065044081668233,6874.880017585171
468,3852.4835959055326,41.94196683826352,8142.111421470687
386,8279.436911425157,43.8560233831144,10467.19955232855
468,8879.397853563069,12.158999013211297,8701.943481479724
452,3722.196857153227,27.528531727068213,8498.249997365974
453,8728.283091201165,9.624657531791353,13299.327210756046
149,8715.07843632812,5.093938206977827,5200.721464319447
212,7881.858553463861,45.55602506959788,11846.645450976996
465,2320.256026136634,41.02537521160546,6083.4524922303135
171,7212.905622106561,38.00174509015869,6411.137013265266
481,9505.216581225119,2.438315940657021,10703.514682197449
93,7142.8643089044135,42.186439635512876,5449.799284416725
409,3984.5516419705054,21.902203795269187,11308.269461172482
457,5505.213856877482,17.11975616479298,7981.091058806407
366,6811.525390159482,27.323818051268823,8539.697994246058
430,5595.133678556532,4.567662136177791,10647.9315874481
194,2079.5764755787286,37.83232746761994,4892.752346977068
376,3808.5764018681857,29.121753844414794,8477.073176440395
412,8221.564274982693,9.329504843658377,8546.8195551654
99,8752.762414859657,9.41160998845228,5906.44646399388
114,2235.700294440132,9.212432578633711,5275.255701871787
404,9571.480771588522,2.850119377596699,7683.700807184237
337,3959.403560637484,29.38992246858424,6227.881928292372
213,6960.82364857648,42.0174088794254,3884.676742826075
190,7766.42631361013,0.87491069936943,7824.662764679935
363,8307.516111740952,2.4502322485636774,12098.703791470689
177,9511.747320033372,28.63851383434729,7616.823962119546
447,3816.2759322594034,40.97478426930262,7421.59362248516
470,8726.55809096399,16.33694452843168,9787.525033141557
417,2185.182130925863,17.48071994038611,7103.091048525168
288,7345.3681571823345,29.817324874838796,7987.286485304893
373,7677.799565625873,13.71064445620735,11531.776228963823
345,7099.509170811884,1.3304183038842066,7413.610882597601
236,3270.832625216377,36.761425905079804,6780.801507081504
257,8857.38832313683,31.282495647072654,8298.404016014132
269,2519.7261703335553,29.037799952782954,4386.105173742762
449,1482.7131236874775,37.08420644959116,7557.288564153607
239,7457.18491550721,33.76154187810187,8661.900059057602
437,5279.2814370946035,10.294099408916058,11230.389486489028
478,8641.882179628084,17.624052347167556,11339.475762440412
395,4450.574269524331,6.30550708393125,5868.521014845251
333,2514.5072965694153,6.492850670894051,8381.54026823347
401,8527.979732228829,33.80978731782696,9158.846846166725
286,5940.186684760645,42.93000534912491,8640.339784717886
243,2702.7621315131937,48.136629193056955,5909.448314210228
336,7483.455987278012,31.417355877472218,9092.934926496013
308,5600.022746405505,9.205066168047848,6630.1600961876975
295,6438.816840162878,5.282517272446535,8990.356326361298
185,5148.085043859237,40.64254857683789,-1002.231721508645
329,8458.380854362058,28.937823817999963,12015.887920275101
320,8466.06444114745,30.91425105068599,7826.301692799374
220,7384.499396419476,39.07310443773546,8589.625606465743
208,1948.6123965681604,35.16386138662258,5507.63466188639
250,8549.68475713662,41.72291264280483,11409.255395466043
94,7039.116824796189,2.810695272993924,5381.270588934111
499,7273.217494038696,37.37603183732524,10210.911022497763
313,4266.845563634844,42.54263786610477,4469.76556331758
120,8913.516005413061,14.306752122915716,5845.286735418896
413,7528.3444021137175,32.02236369966264,6683.268617284088
420,2013.31419876275,15.708103191848604,6363.847750596836
152,4670.002309655464,47.8985533241227,4987.7109806497765
174,8977.423257641276,1.6711786217751878,5752.303245198293
362,1424.7703152764109,28.989642191647754,6805.725316200986
335,9652.749576778446,8.325177352475755,9545.670313600322
279,7112.463114876065,35.61101025885793,7798.078679957628
195,6682.38379879039,8.794514170933104,1593.780948739245
419,3435.0333083919227,11.769163094917879,5648.48955472322
246,3239.1260986525936,24.718540552287905,7089.247324081807
422,9478.52397539736,45.7417474998439,13592.609483590448
270,3684.452088107105,10.585718607398542,2426.3869802435315
472,7979.5476704709945,7.212001055905176,9584.577493885337
109,4538.096183863712,37.948841592701534,6806.955658984141
147,2253.286637062336,25.03097661669655,2396.185224054801
220,1096.4376792582304,45.58925561908857,4537.0223777606625
431,5898.316033137257,7.330727857992114,12444.383231760286
222,9782.009366940394,32.296394651151964,8143.777953606449
200,4322.22574428284,11.643957307590751,4384.553197919004
399,4214.731005937403,7.838021432581965,7935.052550435083
439,4096.824560644978,34.171470757863524,13023.663291279416
489,5684.894535743726,29.68423099543666,11663.535560359556
171,4965.9839508186415,37.74137291811656,5840.982689331188
157,8919.23164054313,15.473128822309118,6075.358485354581
53,5549.687125511413,22.398582819109496,5095.4490755001425
142,5569.820543697119,20.273583816520922,6639.781488040575
456,2245.3443524850095,49.20447319832571,6800.40462125808
55,9844.655868193473,14.612447836969395,7412.833274728444
337,3249.756017819467,14.740861917338343,6672.39067400964
155,1660.276607136424,17.72741044143037,3559.2837816540323
195,6968.31624077688,28.229704064516074,5205.174195702125
320,6358.2973314118535,12.616137213187262,7431.507354311852
473,4736.310885934712,45.764497018963695,8318.160852900972
427,4799.730104926102,13.284278243313175,6914.114277096713
145,8065.57528941788,44.79078657800974,7857.783817122694
278,2761.4137608968413,5.173753182329232,4943.948813208788
251,8382.279870504008,32.82813511998262,6013.427297926825
261,6838.724025055163,45.34927592191219,12595.452825942575
55,4770.727964015719,8.437471919911477,1129.8033417742163
161,5122.257549254818,48.41634800496275,8128.661656765331
425,3309.824864674862,22.644168020775584,5529.868509509339
428,7769.028994272773,47.285755422051224,12163.234275913002
496,5615.8726807474095,33.84100218150235,10423.635646766368
372,3887.6908847485925,15.079343493677577,6567.318849531038
155,6364.451041848552,9.41512624585532,6089.012693372794
188,9961.610068461907,15.18675231125497,8229.059793114717
348,4917.360516908984,4.650870463133749,6146.767300353076
450,9286.222607007576,7.193398317166489,9821.501508273119
145,4105.151559321095,5.233022017324057,1184.4077960182262
437,1492.594362324873,21.147177187077887,8335.369493618096
496,2838.17895731586,39.77891881287932,7147.0582007155
386,4768.256289949158,7.0691777108170095,8323.461612225283
346,2976.714357351121,6.516021658616794,7993.6335800893285
438,1002.0433439642999,32.171447475866536,8130.5606851475895
465,9235.013839727746,9.859149098403314,10343.427305797424
263,8594.91470107836,4.88050190544958,10157.692211348109
340,7680.630083382524,8.342428910278882,8291.220663694334
71,2510.331360814258,46.18656979383881,575.575558273923
242,2083.2721858898744,41.07356263880954,4925.652336814572
199,1608.4427452514483,17.703228117754705,5316.880690950271
417,7516.262698956291,32.79103836636964,9320.123487985285
296,9359.271646190968,26.863783683401905,11413.27632670413
316,4874.822388217333,33.8562131741282,6313.883327155929
300,2072.2660479644337,34.13355762313797,4950.37778907392
52,5611.535386588959,31.43670075299965,2122.343676647967
442,4139.487167127671,13.305068426865429,10333.264025917202
365,4373.424319149979,1.9503210381409064,7594.2334401594035
125,6591.9756174013655,22.77833909950544,3667.030695202843
136,7468.463019359821,44.54869423453519,5872.784709808408
319,1995.4323898584476,28.474862925928797,209.91147764974448
274,1320.3120772582874,41.61955208509539,7158.491807264339
67,9948.972724171434,49.581217148061405,6629.617426050329
162,3094.5551402399665,8.180810206913813,-671.582527761535
300,1484.4747241761318,34.58888195709912,3020.6521185818847
282,2708.87796186328,33.71467868500123,5415.544429516458
378,1350.620617136178,48.997772367913925,4696.924237716693
328,4526.298051554545,49.280036697640014,9755.44840710219
251,8221.616060061919,34.33393058620647,9399.632413737398
132,4071.2000478194855,12.180739599109714,4978.286702927675
174,4997.650661905299,39.927791906529954,698.6872986538392
224,7080.280962106949,5.351456710551905,5956.252786850725
118,5580.046630628922,39.03496520858143,3945.489718267977
96,8753.011174191917,45.509806207234824,4818.592803031479
421,8794.321075411808,19.14166973842176,10264.643370146916
305,1089.1962594203828,31.53176474915402,3497.7570105211466
264,8002.416758348792,21.507136604841314,8821.792577171658
79,5146.6024021750645,21.888252749406423,5729.168964751204
330,9899.564871732968,15.518544455406003,11570.920801821947
461,5349.088682878916,38.10648102251623,10075.851458466821
286,9882.063508494677,46.80882820832526,14165.687711080847
297,7791.124250851629,47.037542961723055,11571.263213661296
417,3237.443961519757,8.739064243746691,7845.3868582897085
74,5845.554813582619,43.7371824828283,3942.976636044843
123,9929.220755307244,36.871572071356105,10223.096144644585
255,8717.775469767314,12.641870034514463,10451.886501099412
363,1876.3020441209899,3.3642306460757276,3629.581227333551
143,7357.347971289964,13.399863344218899,8263.313890986852
424,4110.216272837317,45.61041183907628,9018.569303752325
176,1062.840356923133,31.658933744788616,2082.7757921706225
474,4631.328721242997,36.05273304489359,6188.307303038044
74,3112.7897955247417,12.857617555454793,2385.7148594758637
383,8369.823434684244,35.969407778741015,10624.84470247709
404,4035.9754796118896,1.406075313896188,11280.764554304304
165,8447.713245584353,18.76606728865069,8988.645584062562
97,1005.3814495131578,31.33766742711656,1418.6706305468406
275,3770.372350235072,7.304828277066012,6934.9675290983305
315,3170.4869287698575,41.15017872234674,8785.745884177511
148,3102.1062496174986,11.751564940595932,4177.999199655099
60,1613.6795778891642,32.61405564092231,1184.8125837006203
134,2684.1184336945153,20.259857128766484,2692.9114469356955
454,5999.946128970579,29.802179773882358,11176.962800876841
263,3622.2496555397,5.372527631445406,6689.536511448853
222,4756.553040962332,0.8456399960803662,5139.280088875684
440,4391.801923124696,45.47822136901506,4467.160978835969
258,8883.144324999052,13.48150043835914,6000.156716684127
497,9147.69099109464,40.983850139022955,14087.900341552006
431,5436.612744902741,49.96751502361001,5920.980678211819
113,3971.4035528404397,10.571562899945558,6260.495067153561
307,1961.2063360212728,13.25853705916778,7923.088431471
381,9580.625914438855,33.14298938173329,11250.365508720502
170,1542.042504102677,48.27243173003106,5482.331955109175
347,3678.8524981145238,45.790717409537194,9017.789953965777
103,3682.5958105300374,25.143776003279246,3655.427168598178
380,3883.611575261934,39.75551412633623,5689.137834980551
321,2478.5815894516836,6.787292654995053,8124.582597949116
290,8048.452878313275,48.87190921020061,12166.124646127919
292,2102.480757693903,48.21766170179932,3978.412564398253
67,6714.159932378465,8.186447893958547,1703.2989137290042
236,2114.6142403523572,14.97115624015533,4623.136435464603
395,1634.8207383366089,5.007749875338346,5590.116175402172
193,9184.865533172888,13.585879944908985,8049.048845895542
311,2711.158896868351,40.79778947076033,9252.523317570154
490,8391.251391037338,18.915780358262975,7432.600426138937
413,5901.677839964223,4.419848357337919,12396.779790367178
480,1700.7086764789265,17.111276238945226,7579.242979264529
288,9599.033722942608,49.069166712064,11124.458153013573
353,3222.650502927033,31.484179762960146,8773.460522931651
347,8736.808108173458,20.80804732030789,11460.247308888478
125,2519.2900520610774,8.3269256748635,3424.999747587802
237,8685.485939276676,49.30883986418474,9475.040970495524
382,1119.0593161476459,41.042450463156435,7688.422768547758
437,5606.0241091253265,14.07386512254597,8378.923755454689
295,7924.9832147940115,3.503434786059473,4941.449920243799
179,9413.15965743505,2.8312778688779017,5009.833730564693
364,9182.819225858384,6.018907475276691,9963.311803438657
460,8376.623825928804,29.03842918072108,10095.467182786053
332,8993.722146951737,46.43817106027462,8836.632349902293
128,2792.9771725336886,24.837171400299223,7411.73410564522
121,3557.658661405559,42.14727412280986,6154.564406478723
312,3600.7167242895266,22.294330992990393,6422.093050184624
240,4393.485379015289,35.42917728839126,7849.396126586353
416,4539.886033466699,36.59363686432504,8401.278542838048
424,5900.99792189208,8.698185295166933,9705.909535222372
479,2438.9178702979725,18.060802948790588,9648.93229096263
112,7221.219974073903,31.865107826901195,5092.700208031219
429,2508.0988537405583,3.5348304092183094,6389.244939980454
61,3792.776338940928,18.07700938814783,5620.791994170429
190,5530.106175455387,26.739973314059622,7378.078488405099
303,8167.965053711296,49.811224652231935,5115.985263314854
92,7655.223099148546,23.726678131122036,4345.873252133492
66,6809.8092076947005,40.80283785571618,3648.4163615728858
112,2401.9593452215313,21.603364253330888,2070.7707800525877
302,5923.408110540199,39.81953613098545,10012.8993554076
425,1787.0185161989689,29.77074008100542,7902.335995726976
341,4396.268591169857,44.32977207511992,5420.470395376236
57,4721.648772609633,20.547127617505495,2860.3372647376946
374,1358.3029550117844,30.21522099107394,7976.93119255975
139,3465.8928952297465,31.50093403094137,4008.6750971661922
257,9600.845205398404,20.869147090023667,7783.4536421726925
341,9582.693470467206,7.215602184374076,10713.097336398141
333,4170.943488272854,4.677970345616778,10410.416129926916
167,1387.9009805349165,0.833577529981655,4138.471706784128
398,2611.854453953634,43.67671321226073,10751.34451728543
224,4529.960140901861,11.823745611934728,4706.226546959819
125,9530.017281723069,10.575337464088403,6834.7911678951805
150,2270.791571834664,36.80177002130328,4064.327217272033
463,7871.64259301391,16.000805654369586,11438.195577729728
200,1978.1428543722286,25.30223462059183,5376.155332359784
449,9831.318196521492,8.125553264872815,9975.231921448645
319,4434.548491982215,47.98728607309846,9256.685338480034
120,7977.110850091504,42.57907000086187,3384.364947152556
229,4083.3197453001862,43.18948114825017,3668.936170601733
173,6649.019894429278,20.33868742860026,10597.535898133105
430,2728.1447626603303,38.11806068535864,7556.192116079585
342,2314.189173672663,7.193807769489008,7890.009444198516
334,9442.577256113182,0.4309501295890139,13136.488415502283
244,9258.825501139901,0.9986466289014062,3680.4735255910264
448,8987.220461915942,29.330086870228023,14052.70432867395
277,6628.9010514993415,22.76974526239704,9222.732643516154
480,8274.413900946503,25.900767445425988,15136.016861247852
479,1621.332432202374,0.37315702086097025,5640.083033189152
485,4013.1013770161126,21.134330982871287,12606.746622074708
324,3823.328122814406,35.90340806004304,6010.903359402683
155,6720.807897573519,22.134685098371794,8237.65327930751
70,4203.619961235765,36.610960315611116,3811.987115421225
113,2336.561034793127,11.65094821984174,4637.837094663675
214,6368.203678721893,40.65710022408627,7304.982210452978
76,8329.455286021734,29.421562022672614,2214.355715090861
360,4439.111450139759,10.538154971495311,1589.230778612192
334,2190.4184358863354,11.836023792691647,6761.7607617639815
197,2770.193775815407,31.40152322847685,4440.657277214545
330,3137.349746524456,41.496979660622166,8145.056369315259
375,3699.078336950826,20.78138910145776,7385.860018817419
368,6785.155634556782,12.91502145637961,13207.033011841624
213,6408.509360839471,43.35058034553002,7727.340542986945
435,7264.718754103353,33.46341458754175,9932.73221363718
455,4262.517860783619,22.404274364153824,10079.07055036862
273,8415.978866919806,24.395009763965092,7933.540034976594
321,2836.788950401842,10.21282339681982,6623.511411365293
195,5221.366727663385,31.340131503242198,3727.5256194248673
487,8208.448493872873,17.93712552714443,11750.796353760114
405,2621.4278295935733,49.782258833717464,7425.654299400785
79,1988.7680236670467,24.009175763094394,414.09427635805196
94,8953.155709191908,24.29428030948066,10323.935196930852
324,4086.366964832763,28.292589370533594,5301.564529946721
83,7154.831124181288,45.83780015593734,5753.100012093266
190,1228.1374383754464,40.040904992987514,2659.2707491499586
476,7210.421995685047,22.556503489892073,11790.420009400115
367,3844.9118039227346,35.9349632986398,5597.384898996328
423,1501.6676822869756,29.31177493903808,9362.782987795352
270,6488.314853933053,24.618352435062445,11858.836848385457
405,3167.234344658559,9.615788639217527,6171.854470912291
71,4481.26517846692,23.196813172744545,6203.506578050992
229,1725.2273105786223,12.290929351128732,3779.6735535205057
485,2324.469259854508,45.74210749258273,12363.65902193108
416,3681.795119462594,16.770340674817348,12793.302345419626
469,1807.8355050414143,47.613200726668616,8423.77174363716
378,9197.436382176837,26.65276450473556,7761.241319393825
280,1054.4233886558059,31.577218933808016,7254.924847876244
452,5354.741969778803,27.14702222446639,10449.145845266961
87,2109.227123192963,6.469030848335045,3492.5765141184643
119,3769.1118053015366,18.79106095039705,3365.6870379699785
165,9334.53603836439,4.957305613881196,5472.42849413842
288,2455.2509794658818,31.147702209169086,8491.27589585027
384,9692.490877464994,22.343709760021945,11692.699623045002
490,2852.1493929047956,38.89924857854684,6666.945599655883
197,7674.094976201466,11.023524049968492,8386.26841550589
58,5920.095384075806,8.228302921466746,4966.9509464002385
337,8960.308548370833,20.31661154818839,9290.888656502057
437,5985.939299528179,46.329269160919054,13714.181501467112
99,5811.032972406778,35.52109075062059,3864.591976521272
387,2759.1220033155987,20.946181239645934,7265.511630141034
54,2496.0642584649286,25.863608487715528,4112.600474923171
453,9248.402360039629,4.210650558854917,11656.940091858356
392,3950.5437896503067,49.22879481880565,6071.001482484393
175,4348.740294666063,33.32036523474595,5833.376198014809
124,7838.412925855496,14.270203423171123,5235.830947460706
214,4049.411341805266,29.290419710762215,7534.506554950403
327,9568.562019751025,5.474118303449699,10101.200063934786
491,7641.3499209892025,48.29183344037918,12340.526935396967
373,6376.86318316078,8.739249394168297,6861.714252025651
349,8928.056444902773,32.40151590276071,9887.00792467859
339,1446.4531751453446,12.272723126946522,7993.88323813691
126,3313.5642297028785,35.87806913242679,2711.2708084172336
347,5185.3270079881895,38.841068362014056,8509.384425058946
186,3042.806855243689,33.670986445571636,3111.931053235258
155,7695.146685719367,30.724973012759627,4419.3875210115375
144,9272.872279483527,44.623454697600586,7519.187143715069
184,4813.931079378311,3.931335549487902,5593.19458043359
117,4079.1934010070545,16.54573828900976,8113.237344748912
196,9653.956589238096,12.414373981542298,7104.345006557476
208,5003.671895447867,49.40069810327108,6509.51137452159
433,5401.435604043549,19.469488983343673,7084.960545746799
212,4164.848851077148,36.63063496201994,7219.517154592801
490,9185.936257109246,34.23625819405023,13423.882851142189
390,6120.5993495366565,10.604061873868886,12099.170267628562
238,7859.5712846348015,11.949884010577566,9962.02762554637
464,8306.260465157977,14.064228177651705,12097.228133816587
388,4076.6413772553237,20.556363912968962,7329.304967709641
144,4903.24898188342,11.71625328252634,5255.286432372358
230,8636.245969656382,0.9825741373423902,7565.747543311517
337,4269.298165082292,43.96965284035977,9975.8372058243
371,8145.416201066661,48.2804915690442,12255.78091183915
236,9468.930903169934,17.078519351578397,8023.204951307025
421,6608.893357612063,16.925343971273644,7033.965998577748
187,7674.645587067,0.35459063871854934,9316.18920674872
179,8245.875808370214,34.012534416518704,8651.936506161892
243,8605.356840069782,41.27199478743144,8134.138174638182
365,4555.480040711163,7.330415018000158,8985.095016922927
322,1461.3711325839836,7.983317468357537,5870.0745281592
401,4616.886441130656,39.50416249857189,11750.762322975714
193,7063.806068056808,30.814537417707232,3183.633318772496
65,5053.153472027136,2.2430278813858506,2752.05536061442
351,7740.668357743587,31.127349523114084,12955.990200291453
472,4212.841865217975,15.445886142188304,10621.735462387378
294,6712.697269936266,18.436257773542298,11680.287127067395
464,2677.7782436857715,38.48657091484401,6625.006353812837
156,7744.324929804612,40.54675963363053,9167.49108945189
137,5911.263719317232,20.01783134199153,7435.437333406113
178,2836.5794969194053,47.35764680031774,1671.9856138083892
444,3627.200561480265,20.32313589760361,8289.058419626037
424,7737.478377236492,38.591801761505494,10787.517013460189
390,5343.411120953686,24.193863228212955,5766.47076750629
53,2944.28296353765,44.8766163261042,2615.4691552500317
376,9705.440713332679,45.38806218250893,13146.84788187373
459,7436.125178351991,4.370840393554193,9908.6332779976
416,9614.213492858165,46.824666565511286,12467.866389087361
355,4843.945408243089,41.27674207602078,9071.248111097264
445,5275.9030662254845,39.565535715633345,10079.975425147877
144,9081.596945665173,10.045566984276121,5491.345764467252
258,5725.444062208462,40.25596043773324,8855.469189626692
274,7365.510207151005,42.50663673425184,5468.820315208557
397,3269.5558974597698,14.457516722707547,7896.104560200401
370,5020.538218323765,47.613003918116185,11783.501868560383
96,2111.048792293196,2.4930073199582123,1650.6380428633313
230,2853.820322892655,7.495462662356983,3572.176971688912
155,1008.4907374086798,26.879056902575716,4817.85878430661
248,1353.385464837942,28.789623556115483,5299.348724715544
435,9795.554408592363,32.25750416504517,13558.821851710949
155,3181.183256230861,0.8484564657733229,4009.5577288214413
329,6969.796385536018,48.01833873110651,4603.680065887781
309,8551.897289196504,2.2294046367071996,11315.363558183793
157,5955.944133129078,7.153097636170119,9616.086784244493
68,2378.3005007556058,0.700725876302849,4791.246781576433
459,7553.047936025498,28.342921664704733,4150.666951167325
345,6402.2626908962475,46.613344196048615,10210.57465438023
355,7581.255304126375,33.29735830402321,8848.083196993559
220,7927.719605713784,41.13287342402137,5918.029764113901
380,9778.693309162705,0.6640601729290041,10848.09218131648
244,6162.0695202403895,27.100764923986304,6985.155468800479
61,4074.7700142154163,22.978148875276094,4429.263593172912
244,6836.1810121021335,24.94839721103965,7690.218828882767
332,1615.9663831836351,3.6106592667593973,3618.5721631490514
418,9076.575864894276,34.221768053465375,10339.519740030502
231,2074.4291020437713,25.161020742931722,3529.517853230487
499,3950.5855409723645,38.257442493063195,6792.475266858554
354,8341.708425635088,24.26453170308577,7222.855558971492
193,6375.811404976406,7.469081811321604,5810.149998944247
435,4542.719682496979,32.4128477038911,12292.12494594087
365,5260.920934375193,8.619318105258312,7206.732669895173
231,8690.926538819622,43.619728167740746,7167.996283259047
79,4060.0394745390295,30.655811953462077,1465.5623629931047
133,8826.847163309541,7.8601941778477125,6626.700455202426
215,1793.2098787902235,48.116902874060344,7442.461666096571
333,7991.185934877677,25.91827316676603,13514.323963591341
330,8627.928697492627,3.6449225935827503,9907.661554061344
145,2636.358875536049,31.34164522075336,4399.99982745596
430,4873.118791349803,12.65994535064051,8052.812088180626
315,2489.497971972901,40.18467259386512,6020.309194881731
493,7359.4371609479595,40.891103678309534,13150.890836141576
347,5818.12991255491,48.94736779273309,8463.261648005959
345,6717.91012037489,25.093476551225187,8711.259696877121
274,2768.3827026059002,22.747843986386858,5898.453681529839
382,2905.7127584717755,37.67378027232403,6754.675762867416
410,1373.4759295891572,6.623532817096328,6819.250102981402
423,3898.6078167615674,27.34577568965621,4802.407164592305
91,6037.701952003074,27.312380006542547,6027.770342169313
352,8721.41422597596,4.473656140519361,14433.723913742477
470,7002.347027128127,20.899204275345678,9865.070368744844
295,4918.566910597763,42.6642399283601,8485.242543869423
257,9578.08102954724,42.80768109973302,11203.346777260651
286,7473.206805182486,4.96188324598405,10686.271612945848
71,9371.48682576295,4.536044137391543,5312.821318148946
234,5748.291759449491,13.134773850096765,3040.2068493492425
291,3330.1384731382564,43.73830312769967,7439.2992008206475
412,1475.4401772824979,6.445129253674947,7303.880055023602
332,7534.763663354654,35.99984013137231,8776.045884952768
90,2091.726982049807,5.0582809806551605,2230.004864869325
385,3724.9761544477046,31.15689268739127,8547.98682100714
211,5792.238170955076,17.80336495595724,7140.7103688043835
209,6079.749290017729,39.44569814829335,7603.408028454567
138,6405.248772884224,11.68452244126818,5070.943516265219
371,2496.297973147306,31.960091469497993,8220.908485935515
61,4417.636643394839,11.784126728794247,2789.4391597235804
473,6554.748044052701,35.68301415560769,12370.085308209143
122,9728.369781704063,43.68390172803744,6312.977254459778
125,7548.680239297199,6.3400899563380015,5922.258303074484
395,9303.43381384562,43.329784429775174,8195.835431283856
250,7859.908524827593,29.678762720714897,7533.7085779138
59,6325.452720031604,6.355524543351199,5309.814293142783
401,2728.2103222271007,21.3770927679856,5739.177283057124
275,7000.170867032618,8.043014674254895,7145.74477430124
225,6610.416093639164,35.01739444332848,2570.4168358657325
325,6422.222534115398,37.943406720897485,6108.83118441167
88,5408.072811894167,5.2898260136399475,1916.8838139920786
109,5757.909435903481,25.306992634732218,5223.596672189662
115,4009.9827440629365,40.73125280129586,5211.43445284281
370,5673.8142337807285,46.80815207754983,9210.959026560968
484,2778.0031511063044,25.6758933370885,8397.332676520165
173,8246.56957624339,47.513961180570355,6910.360515035608
213,2671.9925922883704,26.78444852280149,6498.7767646812035
457,1764.6966090051978,19.709524729995398,8557.178492868612
460,4926.214237214416,42.41015642764477,9543.419054549378
435,6924.766955554556,24.64913552290445,13066.965178717886
208,4939.451424401872,23.595125528226152,9961.57830475766
106,3490.7871875617775,24.515624470491414,1334.2211827233764
127,6023.540655013967,42.339250093487266,6808.575469797752
243,4123.0210187098,41.597077084402606,12718.231266415722
334,9395.809211139698,20.17599962201056,10671.83568011045
64,9303.806256432148,16.66499299352625,6176.088260415152
61,5521.346379748859,24.596401201956464,4056.133334126332
150,3950.9559461643266,28.638625486855453,5778.613517800755
205,7634.191725609752,11.916860531399848,8640.231406532639
389,1330.4164913475997,39.697754235779534,4804.629582051026
174,5272.921054392861,24.324138286621142,5679.976036351196
408,4026.9105484330016,16.70227742099798,3928.505093641642
329,9284.822965922993,5.34104964819953,9265.599242682487
454,1108.027245454143,11.942258020180347,5797.4815954865335
443,5975.3338814651415,47.46405858779919,11260.303270759523
159,7665.972229599634,15.25498434097633,3210.324747337292
383,5365.161887716371,8.442964468351766,7571.805612307032
406,1768.627271464495,23.03363958274966,9368.074928428465
195,9752.15251025112,15.354387168012435,6755.497695597309
265,5662.093882384881,1.7579625135597077,3031.3346366278624
447,6527.676198871102,16.157260863970862,10807.049622972938
211,3129.488044367566,27.20543119697343,4100.79465993798
177,5351.482765961235,27.585618600998345,5510.682882854791
363,4862.345427624897,17.827946058844436,6772.992462064152
381,1674.0625780178536,22.36513781263003,10948.127534221585
199,1955.443181927205,48.27589591173832,1812.094037491342
85,8537.25267656897,18.86742386151558,11587.966039303343
222,3158.379569859312,12.911340662999148,4386.1435366869355
469,2754.624443487675,12.173352203338005,9022.672418246868
71,5544.2030612512535,22.888230635206707,3145.2733081207934
255,7918.7241822626165,37.9760074358472,7310.615120137343
176,1557.5186672108912,10.29940920942366,2055.087710928652
385,6191.271276744303,35.464806357038405,10782.447689600189
494,2072.89398556516,1.0574911674708143,5645.997428877884
405,1328.1494574305661,20.9466488991973,7886.224795184567
489,1474.6955694599565,38.793253260139345,4479.227379829147
266,8507.476973875971,16.936647788721572,9129.528984995944
145,2061.752352652554,28.186855072269974,5467.898489636059
466,1406.3622797106275,10.24896164129554,5349.122158066486
478,4941.098984286211,37.099769556308615,11740.030086706765
213,8595.941247478222,2.613955163437981,7648.020548256514
197,3361.6753884037175,42.627132243775016,8685.233249793038
67,4795.413557733247,9.909819321083408,1890.4904006661122
343,1359.302793073761,43.71990158541654,12331.02123569067
244,5041.706627213883,17.626462065025866,1751.818246256984
200,6198.517725734203,36.13417872372433,6162.9348360693375
414,6138.163483769303,15.961264889309422,6201.167618424973
172,3991.8402295692863,45.29558356173238,9183.940139718823
449,3839.7986259682198,6.331856275918718,8258.134450870812
236,1959.6125704293809,8.925989463629936,4354.955919748724
198,4301.184885816416,24.651506257940113,6500.098764237437
153,1895.452019856682,4.096921951907307,3315.054076311912
292,7899.363502408464,9.799009235088096,7338.138823103325
280,9696.468679733673,47.188319110600716,7478.7062208207535
255,9730.670110000361,48.82448305739436,10003.851520814927
247,8785.639894378544,18.812966466521097,9231.746541898652
445,6407.129344056572,46.164301050696785,12192.60516584568
449,7307.79127519492,27.241233783671586,14759.174013883936
386,3566.8522241237265,13.487123293688352,3495.6307691076463
136,6676.9337815535855,35.119936054029935,5945.431217151982
191,5100.845944958897,32.94509032874286,8457.800450697161
366,5338.156057992393,49.45626595543667,8899.1584992272
248,7819.989043376421,13.252364370464164,3218.696901710953
95,3537.2652003752646,33.60297513308677,1283.6129531495262
337,3862.3565052506788,2.6011877514723447,7695.341707009425
64,9321.77612015773,5.68230193483597,6318.928688542266
93,1506.0186536587503,0.1959187475546631,3496.96709846251
450,5370.708685720064,49.97303405298366,8872.797136823336
218,9215.207203670756,40.11368485737389,9199.643768821452
359,6493.267070363413,39.33615073667704,7526.629934122599
93,5917.663667909189,25.486303764408984,5383.473896530157
147,3247.697613064197,15.003354145271997,4235.3402836446185
310,4089.4794015800344,7.563214223133796,5204.283944926885
158,8668.435742242236,14.233736942323183,10105.259871492955
332,6032.963185916124,18.798561096456957,4961.1809145624275
421,5632.679743811019,37.8155048490147,9604.40800286475
392,1896.2174218602604,26.98308944515762,5681.959371184662
153,1144.2534080961082,3.874181327774134,6613.014402316086
305,9673.166698183442,0.901450447945612,10626.408373291471
428,4392.8755055815745,5.116608976703158,7420.149181584072
255,6428.917558895539,20.524935684868968,6890.526914504404
384,1717.435658685565,46.659645852450915,11274.425494352858
92,7148.028571507419,31.87012406046108,3698.8655035028705
402,9393.100378353649,40.091294993775755,7999.479744591224
294,6180.987276976777,23.318729725227428,8548.881957920565
336,2135.037901378695,18.08330415975214,7096.465768700031
404,6235.49374726129,5.420018635831136,10618.216393126988
322,7897.124917941871,43.79665110931025,10999.747002901046
132,4657.748829166168,39.158001451395144,8633.445745078585
159,8918.53973147321,8.405904879886256,3576.1129825822586
487,6838.14658021628,25.613028193813026,8830.727464693733
239,9093.240264602822,24.368740396062243,9943.401608115031
337,6611.547801226035,31.25457763432643,6774.614449870665
473,2181.591748043418,47.30934469956306,6218.806821494243
446,3787.225399946702,28.98857208812398,12895.073246306372
300,2816.154534272112,27.01086333893093,3208.410270586099
261,9179.438479451761,2.516146646733197,7852.498098439252
340,7843.600605587344,3.1453738009011967,8965.972876348887
182,7087.5853201900545,9.367339566339444,9079.412735348371
250,3708.6968766845953,1.623538584587414,1899.2130934691045
334,2656.4029484519215,37.167644778500616,7912.504672808471
375,7808.059791900207,36.16651519969815,8471.60608342391
458,5267.421512911717,6.802811721582147,10894.989416072402
144,3032.105969355662,41.803945039764045,2698.5164334193933
327,6549.597803487476,7.7393017423055985,11479.197448961404
499,1363.0046692460678,15.05877934986794,6665.737884767882
478,3935.5322871542817,12.44884495806825,4462.783630958673
374,5217.012951320212,18.61535492865239,7013.115074750552
268,2331.625006984653,12.733188294498094,4917.876048244499
138,9861.890298317556,24.4475463219226,9654.603821921848
121,2881.876281306528,20.37039406773427,1146.5163608781077
