Engine_Size,Weight,Horsepower,Mileage_MPG
2.8552868750706524,2023.4723132771028,284.50191394917675,18.515930595646864
3.4364824888531875,989.6348424896574,180.0404727494016,21.88516562106306
1.0259580855479888,1102.0975840345839,199.07730021273997,34.96116278592483
4.958891561865226,2138.1088669970513,207.102661364122,9.3093932264829
2.4557555336161716,2220.9472460059224,164.29533695391038,24.52317893373375
4.392378655204485,1726.824409453504,262.85101883013954,14.044174445722215
3.1398668226616175,1742.5738873732867,112.5904659343636,24.591391920242053
1.521757818133386,1874.2860368474558,197.61370378546985,28.4854637032158
4.190262210138087,1546.496816280487,236.11364892305463,15.263717147408427
3.8393082996795043,1956.3385099226368,277.91451953161277,14.296354465564892
3.109744339716912,984.4181378629066,273.30123117988404,28.153040584565282
3.05821236533512,2434.174712024557,187.01026656893265,19.24820114627683
1.3499184230037122,2075.263200451367,217.9271337675686,24.548024788467146
3.6233957942954964,1872.9961468153117,160.67467930973925,18.26412868134301
4.644980623017199,1337.7474969161171,177.68088546244607,16.72647375603625
1.3729796768854334,1073.6243286764395,278.4411322918014,35.888956688855366
2.0540458025956196,1495.883038509206,284.06191843426905,28.62651485757029
4.609231893768396,1924.6804589758995,275.94523335541453,9.968097896206404
2.137375639279173,1877.3065638192886,101.82529821713679,32.726794527309856
3.6157746887197053,1450.4899636114715,265.51932490604634,19.295969510620235
3.1392726597725766,1842.5868695163206,288.12365813494046,21.820888813006594
3.3853104200154482,2183.372102464831,153.08742975192908,16.784821797760213
2.6631556063090125,844.684112973932,189.2886465669839,23.8787022817438
2.1999658822148445,1566.0557814814688,249.19190883698906,23.36919052404193
1.1941338029186759,2089.543888393545,199.2779716400992,23.0953851582455
3.9771237571766567,1728.4455997877412,298.50120999243734,19.72630766983508
3.984373848776907,1907.509349479419,174.81407398607053,17.47336836676979
3.682902960314893,1678.3498674290813,234.20682357769687,16.66031135283013
3.5745351524784823,2486.1867259599285,252.29596224520517,15.555719422864083
1.9748685286701049,892.856612031365,183.64309562444106,32.36718045636417
1.0893797350651648,1634.7761970130414,267.10627531361644,32.278961624564616
4.234861587541759,955.4081334946801,195.61555597765516,22.555403077537242
2.9645541427833075,1071.6354555930698,164.67968326437523,25.945616036780574
2.2273525228104734,1451.1651957110453,94.79944498594782,27.95174389547148
1.4077276271222803,1064.4181555508285,160.48512256059757,36.08511906416634
1.2508863636055536,2438.268182126307,238.80538458865536,28.382785135336523
2.395466887180709,2409.5426204327705,281.8958746864247,20.538506584446797
4.218948259067762,1371.3863985750263,127.88626288787137,23.845709831390174
4.674894997335322,1887.5711104640552,151.7041689860156,13.2779418355595
4.587005458452259,1707.3806450094364,105.41102864401802,14.620132966540625
4.6800033389986195,2186.4978668768067,228.86626567266282,11.926351512182816
4.630901372517371,1866.6575366888017,290.8433389022828,10.34546296209648
3.1088990064015833,800.4291726339555,217.41901056508036,27.096011941810488
1.8776625542276153,2097.396455536556,211.92760190143204,24.220136401471624
4.192186331347282,2069.641806203401,197.3026840150998,13.94432106608082
1.854851899410316,1666.5285994630176,90.3448203576734,34.3678819385582
2.0688291070262763,2334.9622544961912,237.78588007875823,22.414150877317137
1.9330172872901938,2344.358549673683,208.4713950163507,22.845989826819007
3.0599296147832233,1690.6498503974753,222.13965683694602,24.145667114770585
2.2873100326763196,1833.579993034114,276.72655139630695,21.758934942948308
1.6166241985013658,2494.0875222719433,250.3109810240341,23.05433531535864
2.8126936475755295,1307.9943991794098,249.61050799554098,25.55747184733248
4.495628955140668,1351.8493119295115,283.2522668422499,16.97438617555069
3.282211419799889,1110.7156345279438,297.68503883648987,24.522616733793193
4.513342423550348,2322.9737965683753,203.6950283510437,10.250074667944537
1.7834887403165496,2065.6302629137526,95.04277168716813,30.045566896077364
1.667895494690216,979.5928430794112,175.59987878835037,32.3183443362965
3.302308502793681,2469.0044970365416,251.1482636861782,14.909158460104054
2.853315606185092,2042.6349038738972,76.37682469522531,26.399136520385117
3.6406905665878275,2245.8875863284566,83.08411082191428,17.80631822726112
4.178507164107126,881.8563415944416,85.4462899480489,23.545665864573145
4.005229182608706,1658.4335622016852,238.13822441551147,17.230080726099096
4.769044694634244,1987.6170874359668,185.26832456952957,10.369815845581343
2.593025636628046,1723.0091937721302,154.84652700973652,27.255081018517032
1.825546968992723,1933.3006916887716,94.29192041019928,30.440485075746455
3.203650559791543,2190.3859081038036,238.41525754735449,14.288931285835332
1.4429724807647424,1436.3730070323336,143.8345564267069,33.281423654955155
2.1554044933265257,2242.7367485518066,131.02453611487346,23.84285619997763
1.8315522210525779,1076.9573781009942,220.03341635731672,33.25093428991106
2.5862548671883236,1260.506293544837,198.5725052972736,23.90394441682721
1.4448663000088615,873.6875538764539,153.35444761705938,34.62718784097315
1.1273669781923914,1419.5255792699268,217.54211828528526,33.638743948959636
3.627176018520127,1445.8462262010046,132.3809496883472,22.095950370911147
3.4409959131592194,2168.9600152523262,252.81096016899517,18.419917667990315
3.8334357441546447,1910.322139492415,122.74335857076039,15.789499438330916
3.641545761085376,1542.4283488646333,106.5326699378636,25.25330472522744
1.457178724569534,1908.593763660372,249.96106418474122,29.222205592732195
2.164315525502585,889.731695876675,232.81516706052463,32.792896977895
1.5181064396014095,1106.4616112312394,112.00696441141363,36.38550079607497
4.371889608194253,1865.8113539109836,96.73652311868574,16.853544498190015
3.987614621422093,1890.3235926830139,262.83179035193916,12.785276700613359
1.8061080116729697,2116.028919802626,248.61765090523824,24.289855962019853
2.3652369619595737,1485.0995903911237,145.26919595092278,31.022059984953213
4.866459969056857,2028.3419642474655,221.38540388907435,13.869157819009668
3.376637431518606,1962.766565352322,98.55684290599649,20.09264319731805
4.204622389204629,2437.7687432287435,186.62096158096597,7.419016533809458
2.0583641390749166,1165.7213849219545,74.30796717389657,31.968033567927478
1.8402116807172209,1737.8552583794872,160.06843261195775,28.332890876019075
4.135667715386194,1822.9995515877977,87.21384893842317,17.962841462280814
3.7434898209257605,2497.7014043881754,179.28385143608298,16.26544524837146
3.723911716847055,1142.0130416833078,166.9867787761657,24.083065790468197
3.2105383273167756,1689.470633944397,172.20855612675288,24.03638316535813
3.2543133711061953,1388.515023113186,80.42619947103864,26.068752319753052
3.942790021225015,1694.0180465842996,153.17175849482146,15.150983087211724
2.080009924484781,1194.61862357528,243.9912852929808,28.064632088453482
2.411073863427823,880.9410433267298,154.85030587133264,35.05109891589896
4.48654708208022,1773.3612716260711,234.48954910020356,14.75910071906943
2.235460804048631,1370.9523369634146,154.98010643575864,29.603971303112328
3.185238285517196,1109.3003829723373,167.3450715427429,25.899377106245197
3.8105578560267364,1350.6904623326573,199.6951859507312,21.030613934200385
4.9996993073327065,883.7763424611663,288.656845465629,10.043260479546209
2.741165325981328,2415.751797953176,95.03790272873069,21.83560769193073
2.712371506499775,1787.9514554545428,77.57016679206994,25.87119619079763
4.37035351773467,2185.1067582899423,209.83015227631037,15.589086372857555
4.222012445039454,1519.3009358311417,288.29233045353806,15.622932275820855
3.924303526938194,2335.634934862516,297.6363204875844,9.454558508040881
2.8529185496361156,1621.6409766388306,181.35777690016042,24.860225142965565
2.295756480642863,1775.707047741138,177.65877284957264,24.481857604603046
3.4349219303393945,1636.0497661065165,218.34166727139512,17.84473689017971
4.504893172526564,2046.5731029750077,197.79599415714307,11.618430645916117
4.535109832834346,1763.3153319235062,215.84025325124716,15.276077570514829
1.4339933802817537,1261.718170086676,271.01986787371567,33.61856737020367
2.7134011352526026,1047.4172032484987,241.65041898215014,27.32875981820666
2.858887824794998,1830.411461101062,184.28180008796298,24.131914015994486
4.910461470095013,1631.6059346299617,176.22882557003902,14.711177010650344
3.711992060970338,963.158684383392,217.10840215801667,22.484732583791953
2.6289856690482822,1472.5496918485562,174.81244541666842,27.389935557107957
1.104231543942372,1675.119917400771,175.28925079109717,27.759906743323505
3.2615406403967837,2205.718497503503,73.75035741089611,21.41087386489031
1.3843039025534245,929.371794916716,110.03475160368095,34.14107641133118
4.337799829391052,1392.4420920182051,182.3581371990232,20.02743279406153
4.010074642281449,2198.515408607655,259.2102955815849,13.47853322348906
2.842036639632715,1902.3206840116839,134.10721154723853,23.657965327368892
2.716843118166799,1292.9291470664375,190.20798962016426,23.13683513292293
4.589355862275075,2237.069707438492,149.3412794946234,14.9147083395654
2.1538334016725136,1638.5990869565771,94.10491759410547,30.41039544552005
1.9960798484270832,1647.1982152277828,290.40865110639913,27.08933242427869
4.756789731303048,2460.198476640653,266.5749901575694,6.957513452792463
4.236983347013931,2410.098055501843,88.05325762738848,13.456248144997097
4.2825023722687785,1409.5055617287346,235.55107036770545,17.276137831550134
1.780775257103702,1038.98451872724,149.94337800222505,31.513336740304688
1.5731839657237376,1353.6334448727598,298.8154556242123,30.259389759887945
1.1041181992685396,851.8215425293597,139.55165956066486,33.10744289426376
1.9481660356747201,835.305407407665,124.90984243339798,32.60935682310693
4.096761966857299,1472.3876316274127,200.6148261102432,21.735462416224557
1.960153675056599,2399.733698585298,262.07901756893693,23.837954436403304
3.916413134379505,2281.3074800947534,114.27934051855354,17.059397446319622
2.007633061469686,1669.4528176599592,233.16263703544618,30.921770934985567
2.5811699918026867,1760.8848479904123,84.12351412245799,21.935348280982467
4.932649159645633,810.086944468296,281.35499091541436,14.028597431545851
1.9792469251365423,1166.3519649174013,88.64723071387871,31.696714591957925
2.5054825091930706,842.1160157884524,280.2732165591574,29.37324550992001
2.2043487218608546,2082.717205582159,182.88566737412165,26.658269741758968
1.4384999453200091,1047.5978532450463,173.06095594306157,32.37627847034823
2.9595765685232998,2277.3800742105886,293.8606282850866,19.933912864913918
2.514762653332009,1893.65133324884,297.7883608705904,21.195533315040528
3.7795483432291204,1190.0117500767128,219.54096897103275,23.18465940534851
4.270378187806185,1068.1245390415245,99.23743712712115,19.25745222697492
3.176998857982554,1866.9619915691903,186.41911970069657,20.805190160095027
1.1287856883493474,2331.4228664799502,191.70751321980237,27.884472330704345
3.4756894249388863,2021.2123721544488,188.32267847112124,20.861098188242327
1.2215629200837568,1392.529307725742,200.98312285960225,31.864313970628114
3.4654252943960997,1798.5521119567002,74.30668417270985,22.109082226758293
3.740119797076754,1328.2948821331163,233.58227473821555,20.999903904512436
1.7910705104700737,2498.55426352372,233.85068944918726,24.965379307099525
4.277384594887084,2073.026620385147,96.55804829091423,18.0906881727669
4.644340526296194,1844.448787586481,201.15507176253416,13.955201549025272
4.252347856455279,1519.5405427019095,200.72307196022817,16.289598734449832
2.2204367608483286,1850.8588934412473,226.96359664379204,24.404852304958773
3.3465720497825377,1380.7473061944693,89.64146919106865,24.621918466708816
4.659260596764911,849.0702270786522,214.09576067120216,18.67561561950691
2.2826589048913997,1471.6504880062757,134.57294867165848,28.242650766381576
4.280111289061701,2381.8173932857735,186.61068781411956,12.996549673911334
1.037900525046786,1864.711861115572,247.86441712193763,27.495142005605253
1.014586811138705,942.7246952205328,232.29856536349305,36.90218172984331
4.038846641355869,2304.489142771544,97.34769406593847,16.698591775823026
4.045790328508485,1257.0872438805752,205.97250103669685,21.36990294440294
4.155908751409175,1214.4081382406366,292.8968021163699,17.290800524237714
4.720107351552649,1305.0546469265455,106.05697058705053,14.276255438819444
1.4716252472811369,1781.2438014141276,266.16863017684545,27.69538977437342
1.9279399399347534,1725.9697588377603,231.5860585273687,26.698870489353222
4.61489968149523,1635.403382858899,248.02076196924472,15.273876049711657
1.7089447910894138,2019.812667971466,134.85041524280845,24.518657310812642
3.728917070306336,1338.1141432694303,136.21445375736377,22.02291389087176
3.1218520001632615,2129.509686673133,278.38447482859226,19.202852500832797
1.332774707406029,1098.0468532436184,152.7613673812885,33.467689078562955
2.1410546477661314,2130.4553414309157,84.49353985934641,27.101835276461532
3.0814888657638715,1928.4771789254808,208.1372418232735,19.53335192178808
4.409400466735336,1961.4541262308971,98.70806387962381,14.712419891135575
3.8301539584586948,1618.640775116342,253.21713552381888,16.874843921385807
3.487532645819732,1933.90260555747,217.6016817752432,17.119406122675105
2.9841315597656592,935.6549791510776,271.1870962008779,26.344562005271428
2.194735935256537,2247.6368989839243,250.51256745000612,21.307980726126814
1.4769796452770447,894.4302969289982,95.78613911778511,34.42140749251823
2.636304138264382,1052.8605667815457,157.64625557991712,31.93710869685109
1.1140739756451703,1780.5425044453018,248.14885748035508,32.485420473588604
1.8442235570674024,2056.9994742763756,165.98853885125493,23.45108734493761
2.7299335034906393,929.627659388631,293.644061499395,24.29977637591068
2.6744207426876603,2365.3001840079437,239.22030347549332,20.501915240457535
1.1771817239879696,2455.1330029611877,73.56498083877383,31.014636882941726
3.356240614101165,1830.1152941131088,272.39670905899237,15.639300546274995
3.198737023412945,1618.113874140622,93.18510051976824,26.369174487481438
1.3124172160836514,2060.3714528755745,102.32045656141975,32.74009636233873
4.772652209841757,1358.2074989562493,238.93325214054173,15.530839677279808
1.3975311158034405,1638.549537978681,268.94276866901043,32.15419833913342
4.419336604949344,2357.456745584482,193.36041441689787,13.153404944134747
1.0012389276600238,2424.614222910607,136.48143857752922,31.038267234099962
4.529124380181532,2376.0174972870145,150.80257540823038,15.573597648137143
1.0788789288172502,1246.1617138385282,148.8645458070929,37.59994503203467
4.031248127568464,1195.1973683684978,145.13596387618782,19.282038324968372
2.4467632452010117,1306.0296600798342,125.86922451897945,29.98504134056001
3.9528672005452794,1550.2288910603825,210.0394317647236,16.955195176760057
2.606980821699914,1334.0846017463382,277.09322326996545,25.761117519269984
1.283631689327367,1436.1617527563985,140.62895500916846,34.54168070343742
4.070026781581456,1855.082818605291,112.93968841612478,15.3487236058318
1.28501074128546,2096.293651059759,262.8728632654277,27.592329550343276
4.688481743844871,2050.448937055459,240.61016610463176,12.02365732056652
1.2038961431666455,2184.5200640345583,284.0925172587794,26.50348823683008
2.917301111086062,854.7134854661837,108.06953918912922,29.60795611823771
3.8921377234031826,881.1474424538853,103.17780224681604,25.68181367978048
2.572985859168151,2141.9510331706697,194.52876069014923,22.473554196041402
1.8689338983697388,1706.2339979518742,211.3197406120719,28.34696465956702
4.036363845584108,1782.8391453956046,180.4398916277056,20.062035369659274
4.137178819154906,889.3976623644411,207.76232635449136,21.65826423176389
4.690779935817469,1234.0334619911605,111.4873468412664,18.547834653480475
2.504660441724311,1885.2023183053122,180.31116345773916,22.528304171414376
3.0250069379893074,2260.6092131881496,221.3612890161236,20.486745486567937
2.452513771384288,2358.8717752083844,169.52248332720185,23.212922499276477
2.0283272874054727,1650.7131429196388,226.2728872378175,29.646818971020902
4.004131846150434,1727.306195654936,173.7739945273831,17.96108698703211
2.358607380067822,2216.1843728172844,146.72790359372377,20.558950163432
2.712597767969408,1713.961821270503,139.82916083003124,21.670377099543302
2.6146946304961114,1678.6594934134396,164.50747356737526,26.714441436624202
3.8506449025869833,2338.6428641936213,75.31061321690619,16.406961706362544
4.671182504442719,2142.885625794996,223.76078184260615,12.327979214180298
3.667024245229509,2345.4232948142007,264.3742974254602,14.878741640276958
2.8863303843769303,1171.0199931279615,151.56423172191728,26.34828414264935
4.116820458955534,1691.4383273141066,80.58762131259527,19.15423107122345
3.56388529648855,2232.2026186087087,296.95838739867827,13.349613666449688
1.242441428471254,988.9513066940851,130.65059875374538,36.19846897129906
1.3826543456753666,2150.925662299735,99.1228579888778,29.180655934758136
1.1516677762945333,1111.054751805278,155.04307683379642,34.8410127825736
2.8272653048252794,2173.801883475046,239.86811934571804,19.55000358216569
4.303413737355859,1840.4015938466757,137.6008172848301,16.075520458493283
2.252332677405408,1128.5011855242742,202.1817369014822,30.896542860336112
2.5366407323699267,1604.7021048657618,165.5787987205427,25.722128181001317
4.637908433471562,1959.2387829833117,97.08571822362225,17.119954226433382
4.347613781266619,1877.549931502022,145.96601287318535,19.03057108134605
3.66019244953024,1526.3202335938975,236.72021631423533,21.042921560206906
2.0672151283690052,2328.923099165576,210.7608963862325,24.873028004739464
1.468165930753774,1682.7478046293354,97.54902737321903,32.94811519458711
1.0642352907204549,1659.9744074987702,107.56415423429097,35.95838584231819
1.4280426904176835,905.8260029004723,217.36867264071245,34.162004557787455
2.170385774495771,2367.604662655983,257.08554529379984,24.137476600279637
3.2071602543179827,1101.0981667532342,150.37913407037894,26.6793368238157
1.2560003310095476,1698.185978842142,206.92147292399355,30.370958070700905
1.544911113273796,2166.064922380527,109.24802541298422,31.051861073674313
1.7243228092317642,1166.2705708245935,141.6165574882245,32.89766196190885
3.527928371933225,1696.53459295043,74.66214730480209,22.17217821426105
3.4631591959204977,1209.1643456796794,246.7034679938902,20.75191461132334
3.2030629054886117,2091.4814962598502,162.23225854778235,20.614670516051188
2.0020056987837584,1759.3799853843561,257.70888194040936,28.031819171177204
2.484478764874928,2255.158962671744,232.92578908522705,23.421175591748174
1.3867588653509721,2320.7486048915507,260.6111811175497,26.9570266213543
1.9058424150322195,1902.8469201571768,135.70149400406302,29.44181072542183
4.590820905890322,2033.1651184702055,112.5750079984044,17.171963301274392
4.918766985743314,1733.6741698076685,293.5383070098842,10.56709549970568
3.5906383425611788,1453.5288462145509,234.9853910194,17.848616228672945
4.66729316809368,1901.8004691354188,261.8297216231342,14.520197085748965
3.5709676016057004,2344.090659928459,73.02067595328475,17.90473866920207
1.1327859444218795,1508.3566467334444,151.5261726680539,32.383087344174484
4.987050339945636,1334.497044835452,240.8478388327863,9.982910788769729
1.3958092067461396,1460.3427955393759,87.93605158769617,35.1030850631471
3.730567205780243,1540.1759713597194,200.4881838008552,16.393615189178643
2.01134481229916,925.0537492621175,168.68673651465076,30.443754846517123
2.5679244516278406,1647.3511287394904,74.05179664245468,28.619059754344374
3.583736739203753,1640.3342216851015,124.27438273747381,22.838000045622998
2.745949397230828,1800.3545069888894,135.50215748534427,23.255029032758063
2.002184235724513,1416.7940518012635,95.72778765965417,30.722246155193215
2.337784747513299,1842.2829131245026,215.2534892408119,23.049402859182443
2.3661924676927053,2292.9677274661453,125.75151153793448,23.09237521782469
4.837295618032854,2424.3006838417796,133.85248491245932,11.547399312683458
4.194452063693804,1792.1407674397842,276.59487758603393,13.531844935018468
2.8341950859176004,872.4046217495322,177.43831131942207,27.429805154924562
1.7992836813654565,2447.701195354085,160.18947380293264,22.631872777108505
4.244064441050623,1999.9655035236356,236.49033881238495,16.315955830493277
1.628729886433494,1371.1382025412086,279.2111732830698,30.436569275807226
1.8418488685680137,1050.1680916383298,75.75835733461209,35.610558795950446
2.4640535673606045,1043.8116408016674,173.09493470774117,31.57962591426754
4.52139278340796,1085.1654904373247,210.47971189792787,16.10718864172358
1.527146674536441,877.4732867434946,143.2695125689776,34.39472097616472
1.4889367714181043,2333.6621207099497,247.65377608834558,22.144261282428392
2.975899953221064,1719.3059958064719,293.43972616216297,26.936021551823536
2.1056421643746988,1989.9310016135232,286.9882942375651,23.483197654672836
3.2749117665926395,2207.7844657561227,131.17598405738664,22.04045495693828
2.806546738732894,2145.61971076644,122.05780404062179,20.321689383019976
2.7398364254048673,2300.4295603390306,290.22282213488086,20.986990479868915
1.4478918819479731,2444.332858292418,175.48455210923714,30.744367009912633
1.5641987609993606,1546.420045061297,117.9084763094791,31.968174945451167
4.2843143097874,2415.5702933362636,232.60930163499617,9.826627958502556
4.543530950286978,2029.5929121827878,135.41667449787207,14.14845439580266
1.938734131541001,920.1359235237334,131.46680426634202,28.622790589435034
1.4538420060990762,1959.0313060609872,272.2272799078905,27.41531443899819
1.2136666877380424,1967.4183213282427,107.37020527668778,33.58910512776081
3.4331904549675873,2339.962958447296,84.81037768723436,19.366510090433867
3.8614128500008222,1433.9846251991564,131.91288123948806,20.316475889832407
2.491239956812822,1794.3495504620903,209.59744495278687,25.435239796793766
3.7187034699625583,820.7188367199623,98.31020628275223,26.54473403483146
3.8518352622381045,1364.5279117082712,178.46677462366256,17.02903751278451
4.741369125587621,905.8143344699276,214.28753539782355,17.655977916313365
1.259494551340429,1687.184053700325,265.20950829643004,34.83438705732611
1.7691668929243192,2189.6610058618207,122.87000597651851,25.078427895242882
1.2741039503879525,1150.9525766194172,257.98965437804156,32.54408661173619
4.471975733344442,1696.6497774482234,124.02844006018486,20.559795888936378
4.170348640134274,1146.8146820683041,225.65630448511732,21.10940761237211
3.298568282487356,1005.1703953386087,169.05492144096468,24.07341482049876
1.3346536402047326,1668.6945462883823,96.37668574709414,33.467996111837756
2.0932494346148784,934.552655614537,234.2805964490252,30.171154259902767
2.1908793922340677,1798.5028729345818,120.08540226627409,26.15523702018794
3.2429727840616684,853.2736831504346,110.62338798565604,27.157795689240196
2.032175576146862,981.4154521762384,152.41427357555813,31.323827121260273
1.2918394556518193,1734.9957253285083,220.2567562946812,30.68618684535824
3.9230492074131975,1805.3926019281535,123.8191901218444,17.38464078947429
2.1963208466216453,849.2777811593887,112.24215391983373,29.97392738220883
2.8094967080932025,1774.7405396026493,72.2893339140738,25.550465536454524
1.5106665399292214,2225.454293050183,178.47791233339643,31.180074024792614
4.210193213578318,2027.9375013997217,168.58848094249203,15.601982658785554
3.2621275076962304,1023.0146766653577,123.78958103659654,25.435309899597037
4.606342504839452,1807.2069008581452,82.33999772222887,17.793624627144432
2.9818862522613334,1942.8292501261628,168.72885115704247,21.685206239730913
4.765702687271519,863.293042978896,251.2871755464752,20.56534368773664
4.567472817525304,2254.0910367621586,234.5148902052507,11.194057905867517
3.3058394258369357,2340.654575392711,267.98282466783917,17.808867626811306
4.7355737525994535,2245.7688647158393,72.20401817402579,12.139997785156474
2.292354989178209,2201.8734955814925,292.2764428650577,22.689507225573667
2.4625686508168454,2066.4408373835186,148.5248181043131,24.934643150799424
1.1819118052241477,1876.8344531793323,297.7914931011519,28.63742659664115
3.3568036270554122,1953.6659084800283,128.10247593840816,19.88208728121519
3.8876958797157335,2170.8719986694714,178.45336914299628,14.862032893909301
4.094076760968413,1926.2473792142177,151.40336561231985,17.435017314799758
1.5992651441844132,1357.1358263595207,151.8249644486896,33.43937407769949
2.776636289250001,1439.1338736743016,263.72488271208965,23.392325938548428
1.7074528483756626,2324.9976962328965,241.6763561395879,25.578756012407034
3.6485093954169954,829.1075458551752,298.19483010291106,21.572189335315386
1.6317854896870725,1987.9949881152795,211.1083770250279,27.875982120298456
4.6166547358243,2423.1218391228663,176.5490190107356,10.86924677969501
1.9225385826456534,2000.5878889285552,90.71698847778495,28.605973031309876
2.1656090651529794,2489.650379994029,299.20912648818705,26.13560115813607
4.403625288603999,1968.8263393981624,196.85205017442507,14.823969454115538
2.833870440582895,858.4171496686638,231.1098180287326,28.206959605029642
1.095983783200292,2205.91679879977,163.5507490540016,31.095529319575853
2.978345004810583,1283.8708502968425,195.97461288122423,24.24379482024427
1.3381733415204922,1558.2972836295496,286.7928783353641,32.369767734125844
4.941378874749242,1330.5562570420395,108.27647072426863,15.892467385705539
3.3524462818224094,1256.5419805564552,137.24569439595854,26.32025389807161
2.026130470443914,1533.3896962386352,104.97373738894744,29.43451042267541
3.254870718190471,1443.8774623491454,252.20965787509817,19.54212090151187
1.3074684135270194,1876.675589132402,84.2704098970208,33.12466420523486
4.199565217075268,2182.357041678768,88.77527946580781,14.105546404709454
4.701312215456655,1305.0507104183093,138.6536459410948,18.2663929018365
4.497777552824639,1163.3259597974297,188.2632816118326,15.540899492470373
2.367030409194251,1933.7219604795819,163.4432041287049,24.58935800811103
2.303072478573474,1939.5441119123288,80.30775145428566,24.317302625435786
1.1403504448652,2331.923106786492,290.22305831031883,32.482505094340624
3.605601434803667,827.1076669706284,289.15998968235925,18.74533557824871
3.1396191367591797,2250.169125598067,134.25195434537477,20.385647082099084
2.8373854853093654,1685.7036940122068,238.25089151177374,24.906144821816685
4.630523813338828,1856.213551592568,203.07234461814147,15.577638100154248
1.6715156043313852,955.3314489544051,124.61963985129353,36.07605618089145
1.0386650667607293,1535.4453858824777,130.29945690057156,33.889001822329575
1.2932658084830617,1186.4140923054904,182.9652300914036,36.64447378690316
1.8934857513094756,1232.1825511402653,166.4244965443928,32.86995073846781
1.1331421970538278,1656.9616949492465,136.98274549319078,33.73442486544177
3.011374842572542,2181.175115685291,255.72766715018426,19.403858381160337
2.256361820934312,2064.4275812462556,180.73647105659853,24.17347827273445
1.7219320322725307,1804.6999304461215,220.61505434949942,26.13523504775067
4.0003362997946486,1717.010927680894,113.53290503861136,21.616907712807492
1.8178053049301202,1526.420273498633,192.70676237879195,32.04915284748346
3.750420403975173,2453.606955054357,143.13449137272295,14.348955095338047
2.3970596233905557,1752.3273421981967,191.07513039082198,25.123992233947416
3.047311042650218,1231.7428771307777,249.58994168451346,23.326085134486892
4.735468159405279,1191.1543464680672,246.8500383209902,15.364574896732842
1.1494065392632513,1839.300152317741,151.47075594788345,32.15564118031253
3.0010580299098475,1688.8067964285788,229.683736928317,23.850724053033886
4.417691841310473,813.0862650230117,286.4966885906837,16.62174107954542
3.351896993481394,2211.111132732825,213.90394588272846,16.21418646824902
2.1074820678606265,1997.008002195139,104.13432837800654,29.86810256644699
2.5907245405801373,1925.109792452776,226.33298473419188,21.968879156389
3.721062514914298,916.9271180860202,94.1280088603416,22.401420950637444
4.563247577255212,1415.4949452932356,270.58539402239626,13.724319622610098
1.1642654949864464,2390.1498432457365,188.83191403444627,27.791179557662154
1.2861552875615057,2266.401710280318,158.5823693516633,32.17549307920914
2.3002060944383502,1285.4229943782068,83.11151676942924,32.2592766452821
1.931118737749916,1067.0001029685359,157.58025895618522,34.152841850548526
2.059723544889624,1563.449527186581,277.73753362063155,27.969331251899916
1.8850799945035237,1404.9116437350235,74.82608914584974,33.9460073691209
1.783300195420631,1959.7848404001847,179.1690762898151,26.325029041938983
1.5224958674771671,2442.9391771433434,284.1663609554431,24.09229324708162
4.735816527180952,1417.1024649703545,160.81342994595485,14.039305814277272
1.5767578556246122,905.7810935088114,168.4804081162946,33.79672103093293
1.8176150990621447,2325.9438141820547,203.0688126957976,26.58903916173253
1.985062895923143,864.5145414077804,176.4755867227522,32.49176764851484
4.732059492521682,2419.7020251606664,108.77838898463705,14.68858626981611
4.0228565344043385,1929.7850276153677,74.2677739860679,16.46860512572567
4.158797721262059,2400.8716543513137,210.25668133510138,13.99699619662759
1.4190330381539922,1139.421467303263,281.7855150117968,29.07541156873915
4.345239500062687,869.189651931473,94.46375059624809,22.226932166451526
2.632772327269672,1629.9569630700362,118.51912542813328,27.79663788485175
2.051292104849555,1566.0598047692129,155.1527817397439,28.381179683462847
3.303000334081242,1363.5368645333008,256.01071267485753,22.649352961604052
4.288731623266935,2428.016006460786,131.92987278832484,11.858199725929033
4.1146086042996375,2198.3923446744348,272.8725129841167,9.650165039054537
4.559989930324528,1924.6894363385086,82.64031116951527,17.03785618827012
4.712528744061776,1076.859095784307,286.420022889555,18.81268081112995
1.9524882857109982,2048.349793971492,198.9718279109659,24.024283163028443
2.6954315766770867,2035.9211729895308,221.51886605217203,24.357247290837066
1.05851415682028,1522.6158951472125,154.5685901833612,34.08982475412814
4.51728663706024,2372.136046513823,249.85868566754388,7.884329825392657
1.6182886058990702,1083.8623997893178,108.31023751941339,32.060029618465464
4.445899249370777,1254.4738560998294,81.24971981405201,19.90470962308723
2.3175492879463855,907.4813767260772,160.96889691473814,29.846544162494713
2.472534359924553,2152.266628901899,266.3500142156391,18.923168818038487
1.1565290179354375,1856.9909563621754,243.63317242666977,26.671658117527723
2.3075151590612784,1335.3985196581243,188.94587321246036,26.313075486300765
4.553454731205056,1078.483228110336,201.5916818480313,18.196094583124648
1.1021896044864166,868.2512090488586,99.87535004871376,38.137487426143075
2.6253098921869014,1083.4674666640922,263.3567469820439,25.186502351104
1.1255985192509645,1570.583898774019,251.0007270817653,31.902847756822744
2.48369370043626,1220.2008473180304,220.98819059399682,29.140816889073992
1.6905625631211647,1240.2697016343434,177.22393835565583,32.58961292997763
2.008873573073488,2288.4798233351144,291.82563170428784,22.434103041092065
4.510393492645676,1675.734044883871,272.1773535315883,15.481959255041877
2.744196882487564,2039.7283543183048,218.21901350836228,19.796292941370815
2.0951919656076488,860.7086133478433,155.51422947497622,31.660373436612318
3.357353511802191,1420.777704652649,212.14512409674785,21.46426556459011
1.5684278393303295,1614.5878905722511,202.35141310205304,27.56398657156035
2.0375664296834235,1116.908653857314,160.67565720203078,30.174363113686983
3.184991870411554,1004.3256204574158,140.5350134882575,22.092792914099398
1.9500921673922753,2279.5164234497324,163.61248221458413,29.404063496824183
3.716510949603493,2397.033766069654,201.9996233876815,13.517456377008006
2.96596520903809,933.9713866771926,168.4710142835517,30.303124998595173
4.087956281018764,1393.3318113221533,130.62213228631828,20.057285904008037
4.792978142889874,2429.0855678456055,245.021563084986,10.118978448934802
1.463219557389631,941.3749463251903,192.23752407020498,33.15467740331993
2.3386600399381794,1894.1903338938346,85.565287541888,27.54030176392552
2.2781962515136263,2452.776330643909,154.71279629400885,24.55186044330902
1.604731677349017,2462.980236588337,273.5300951587585,25.519943355926426
4.241212549333883,1601.0796625363635,243.70440217598895,17.463997677277696
4.03951481615516,1076.6734832300472,144.34676030712163,20.795457876853177
2.937701883337596,1143.5433354616462,285.7821249702371,22.91741206161634
3.1510831111784383,2312.3223717114706,87.61866892238834,17.742246556567476
1.238176552009985,2349.861107360551,291.08398189520346,27.28457008759712
3.2220294093081825,1833.395394585043,126.5121712714754,24.357389977751247
4.165366096078546,2102.4998790988493,72.09166146955643,20.450800254557755
3.2953102943354287,2057.8831274996937,169.77584839921516,20.448861192001104
2.0612254804816756,1925.0967165814818,152.563198828012,25.484165492306836
3.670193089337349,2206.3708232822964,193.99047119756258,13.343178726371615
2.4459537198609906,1965.191259168546,253.25775793106445,24.96245341239773
3.179493137142941,1707.803919770749,263.7590844946028,16.695779891984422
2.950261453115699,1202.8258163998667,162.2828999106891,25.307697498720856
2.5247000038607204,2064.6098450016525,168.86452105246053,23.22754667875163
3.8755119215765403,1604.8443753250667,104.08087797577895,20.37769068027435
4.535504447943527,1301.145862812766,80.9359500426676,19.26963464543686
1.0208500739076998,2163.308668761018,217.47944775405568,30.00591244431045
4.7344660769214695,1984.4131206001482,84.82065387711923,9.878464410692468
3.0460605443329,2393.47725731199,238.78092746693486,18.056004262177108
3.8029275214530607,1081.2507880320923,193.99073335511693,17.240142637248145
4.422498264703508,1903.6217838820385,115.67408499199918,17.520354203414275
2.86841476925708,1215.207095749899,194.0902770079094,24.589834823199688
4.339896293459561,2336.091075012791,112.08947481848273,10.064200210821886
1.7104792778208089,969.1490042362467,170.90955772739477,31.555258080396072
1.6366701379192579,1915.4750709562913,253.89887273571264,26.021145822538692
3.629885475424614,2144.845726597651,176.2414374844466,19.98291447530975
4.480572022206949,1403.3603286200023,104.20084320843608,18.88959686519701
4.5697047101441575,2422.0347349524754,236.48059681927737,11.000580726832448
3.5749618335089863,2246.2421637962634,112.95673574210204,20.99728856707291
3.10195692083727,1300.8511094643359,239.86647110512516,22.996341850540485
2.325572350786065,812.8198576171977,180.25102651964164,32.211394349655656
4.9200016623973255,1304.3171994007034,174.36060459168937,16.758915827040052
2.278782746665002,1278.2277998002623,265.8300587072192,24.32540710639047
3.9767444289263727,2312.9398327515455,232.97881059835382,16.83796963490299
3.127927199620003,2444.106003033071,77.56948329963603,17.747840760600518
3.4340493701013868,919.7479761494426,138.12009235836854,27.303344720534177
2.5739222023545048,1601.2012085066385,270.3117519954767,20.68400183197349
4.859292501888991,1732.1643975006527,74.21501876539568,16.760888704047215
3.286729304397084,957.9498242604956,195.4082926402532,28.592268260207383
4.75115052183516,1441.7461055337885,237.39990391000708,13.861561471854696
1.0303656646956565,1339.040109568016,213.02689966145243,33.37972184974629
3.290682332764484,1711.2958023560484,244.92240648402037,21.31254119335063
3.868747558901086,1924.0245295442946,236.90912525039153,15.63916414084018
3.980320684648872,1995.9246878441631,229.16705988521608,19.171989347316146
4.619907527126726,1032.4835401427588,258.9541680129,16.943345802311963
1.017606436015145,2182.0110933058563,218.50885374339381,28.991396262085658
1.0013206370379057,1953.5214506442903,162.55625367910588,30.89409343221554
2.8890538431808612,2311.4273584694233,178.53909528035513,18.560915145795438
1.1171748200214826,1563.871301040238,234.84670001673362,30.642325420841747
4.898130214649498,2319.612596627726,271.5503868233626,7.778931419829433
1.8882606981655679,2271.8160080053285,132.61032419314841,25.572131838285397
2.890658917459379,1545.2958650107585,148.67766307334628,23.53032227790818
1.2445505200488944,1447.9436359980637,284.0700611633549,35.053810457202985
3.088193664685034,2385.7804254494367,203.05771225417243,16.50878515126522
2.519824500589634,2015.780048715344,111.16121794105024,25.392018069946456
1.178640115508895,2378.0170889447286,222.64988194984804,28.94875835825666
2.340497066784899,2154.857124122882,297.87529577405735,22.825939121147417
2.5657440808914225,1835.8056467954043,259.394319828192,22.68715081343708
4.9596859650997605,996.9497209063996,241.52046140682262,14.90500719813813
1.8315434876775019,1295.5171433844675,117.85073048124192,32.91077721754433
3.1791184614803987,2447.0320920672657,271.51215047732165,16.972047522671637
4.949262196794514,1343.0175678141477,190.9314340131757,14.202054827158147
4.168076831760541,958.5332786351303,274.53670507654977,15.752458203041789
4.973470003528355,2002.8407050628437,145.86040076772224,11.265390997023065
4.873193258640677,2047.8072327242633,84.27174210614953,11.416462373637392
2.958158168376617,1285.2781244881562,179.47447279174162,23.859009979708645
3.785503399482263,1306.0423648887163,132.06264910811186,21.96746467301678
1.4417725077646044,1597.1180753649326,234.5027366485486,30.83296463937458
2.7645953001872074,837.0412145958344,290.1345071568875,29.750032785531857
4.236074169066789,2141.849117613978,228.9240547648597,12.45708971349134
3.0213412839085736,1339.0509383660135,273.9948038331168,24.267394082515032
3.8107961312689276,2251.397273403362,174.19552312827744,16.817042562948675
3.983005319937108,2164.4717167200574,247.4773695549194,16.905062766895362
2.0138765649715755,1924.3834563019313,263.89999043449177,26.183157524133886
4.502797491770262,1352.2872740687908,233.50139434421476,14.037585429347807
2.839289723636716,1677.7381548239891,186.78877579599987,20.232993033194017
1.840740414486175,1556.2097379165302,213.94920521153466,29.358788533090788
4.461663527153775,1376.0992066227461,231.11660900614248,15.131952155193765
2.6712752244250146,2241.8316918154032,128.2094127409282,20.909649672078153
4.001249753518879,1621.962026782031,256.20323001044653,14.224721089220365
3.1921322888863717,2215.629266255149,288.57464396247286,17.51165034021725
2.5274870089380017,978.8714060411013,177.00504249138527,31.94352247390351
4.239505660154277,1039.7421406205708,231.2454521152718,18.16150726240824
3.337879726578452,2461.4445186920602,239.5159583317814,17.393600229162452
2.562248409708127,1799.2063864303523,222.31693592994046,23.54185460027361
1.438391481340508,1666.6084449483833,195.83647491558617,27.97950669203703
4.581781255066831,1689.3653073449898,272.77902955220645,14.658309283917603
1.1418783413666662,1165.9569158558618,173.25314313184572,32.80637676319571
4.452749393472224,2021.796714153354,84.05367999191883,15.98944912322086
2.439846099532622,944.1270603405824,264.24796641379686,27.112134042347428
3.5573550540056234,1774.6503122751394,225.01569263280666,20.625814185071437
4.688798895342741,1770.3069541960324,265.3294840949187,10.281579085466387
1.6068264620155936,2354.1203210269687,101.8659117622797,28.93968766514552
3.2678019025552407,1694.5107771782627,77.07317631723475,21.967378260290385
4.057731449480768,1033.006583156105,284.9061442879753,17.82597652639856
4.0303353308762295,1773.6805407218762,103.97751034563208,11.629969980016622
3.102527658398016,955.2569954210651,256.2200363762039,28.770873146616335
3.4989578396258323,1146.4495200098668,259.3382867015462,22.687311333443045
4.030107976531378,852.8845931186074,233.0021961262707,19.39029825734833
4.364110551029647,1672.599090181147,100.19030855136032,15.563334246252834
4.047252387503455,943.705445999073,223.50168364898573,19.583879653748962
2.4160197727249706,1597.9704435032595,274.48991416517913,25.87400970519417
4.986905604230932,2386.006560051045,167.87227830420315,5.993823761336197
2.7380107748772176,2023.5944021328644,165.10887650707775,22.606627746219356
1.0978588110357337,931.5998461829981,171.8574112032664,39.95684223476636
2.450467806341848,1181.1566807550334,88.92253485552749,27.795534195469433
1.511131818295373,1945.2261138188383,275.1658808768939,27.375662799418368
1.4857704629135,2320.9931637411123,269.9120587155174,29.974560322932106
2.1261401604275774,855.9615974987214,299.51914401176583,30.363411589514737
1.2135019767090434,2181.1669239250095,204.5921225446351,29.18666068690795
3.7540487536382523,1755.0835965751248,242.77407638381874,18.612129631074747
1.2959555368076203,1728.3552530038673,116.61453845068007,31.744424611909555
1.8131582217438247,2428.2824106807084,223.531628191559,26.92142684465303
1.3715988579764775,2070.995841414514,219.43855521419985,27.59959535296062
1.2526709236121243,2245.2020756953902,277.27800924357086,23.04671160111906
2.0710066621581666,1401.7924682259334,261.08232625298706,26.631751615138842
3.28759587064148,1742.4188694082968,285.8472864020855,17.199511511956
4.858742225787367,1846.1896516272102,269.8316987213697,10.51631861410486
4.502226617398425,1346.6926986161907,269.799595826736,14.84124338523094
4.503735701781299,1769.4218124105792,84.6563651384052,19.33593152588232
1.7042681441506304,1202.3141451155134,264.57124912006987,31.566249024596658
2.0596287739912804,1043.7386408160073,209.72003073571716,30.815293286400006
1.3055732671812228,1435.7494407714655,157.50222390617108,33.13745115944795
4.11387335966074,2056.792368868943,82.99836360925434,15.368988067450513
1.2792652059422478,2357.5181517256087,225.86496819665075,22.93643337239635
3.226782683283413,1578.1138875469953,145.486402623652,23.292109116160486
1.991502289295803,1892.8002700682339,177.588540946788,28.61599879139137
1.973782536114979,975.1631226576708,226.7975405226809,30.50265312919396
4.96290022099042,2337.588389538959,279.7081458155528,6.833685385468649
4.02711922791415,1766.6271630688884,259.8504905891497,16.763262563730237
4.347757433164201,2126.5750209627668,173.63733969382798,13.988926534239907
3.2879307413760506,2150.550041566369,159.19012621266717,22.995281944982484
4.484057149574997,1236.0168948257801,125.14933993413092,21.362099663450067
3.5819621566654116,1699.596570409144,155.6581527704727,22.398059423264424
4.784694819185381,2432.8155776536614,95.54066907713661,13.517102862681861
2.125354344182547,952.3787261954072,293.35426692389353,26.163914480729446
3.38127818313158,1961.1848266502577,202.00101211070316,20.573652112981947
3.7605253917475685,2435.8489326597924,99.39534384289897,17.782873416398363
2.5717492201112266,1310.9810836918377,151.14538213115833,28.776290295143838
4.518831929616213,2264.4614663873917,195.81900303275086,13.152371932953066
4.9192126524166175,2387.217827194062,192.56369642740003,10.522098849094732
2.9750779654906463,2070.046555971203,78.16577480528544,28.612794835684234
2.5625626192173563,1193.258130921829,288.69343787269565,25.29465615194632
2.8877517142258347,1367.8012220052096,133.33640673923725,27.9281819457187
4.410946982927726,860.8758005101422,73.72247385433498,21.224456985195953
3.5818737020726705,2213.470498217104,87.58212205856498,20.852919725155175
1.1790894900723803,2244.339017068836,203.4448277470347,30.69260068981814
3.1686796417828593,1875.6075269425276,101.69066975527228,23.473602915538315
1.0692004909638793,1399.2973471485473,79.59670235630576,39.40407064706475
4.114141484013622,930.5787469878649,157.31408727492362,19.861565026773256
2.313249094169855,2080.197936855346,213.23507423824336,22.793621476772685
2.8880299284693174,2035.094529136869,95.72315511357084,23.894674781744637
4.194712423630528,2351.4242869561317,142.06540139480256,16.189622126139092
1.1857952691430462,2041.9044357091157,166.0849544736447,30.89866142885617
1.6341661423664418,2208.781401814803,106.67582249095645,31.223263902295777
2.5918415057804594,2068.122850436799,186.39699664734331,21.6488585440342
1.9197006541822423,1872.168220130938,89.59923998740732,26.967513849708848
2.3516057031002524,1525.8428701247158,80.6992541593658,29.61502872376085
4.99269895156986,2333.599424691872,189.562134445681,9.422904877550325
4.301657750295243,1906.6465722426988,127.0163037327014,17.503879753372704
4.535607259840434,1477.2040473420454,91.93597581654633,18.04241936602367
4.748218534263101,941.8978018093273,167.4998951221554,17.51938083594784
2.3637435212567826,1294.1982550374496,280.4823700890008,25.950768573301378
2.188307831185891,1724.33544921128,236.56426273045562,25.763196132991403
1.9362499702882996,1268.5801290275308,257.59166052981635,28.21405369312786
4.32046764523249,1176.1000914604335,270.5402174144864,16.70009287559879
3.7182074491407398,1696.5689739493403,293.70438052117635,16.24484360015225
1.9446879299315092,1088.6945880227488,245.5467119082598,31.635483411802323
2.5079753168418195,2160.697107652676,209.93382204608034,22.846003445617516
3.026847055731193,1623.4258572825186,154.04795246951687,28.18118132987864
3.1125602290950147,1775.5667157365053,111.77794440827469,23.645215490233827
4.554910914206859,1050.5515549154925,227.93177101615768,16.31233729340777
2.5222645317888652,1351.7797705699245,298.8384968080466,29.99435930177125
4.634096122002049,1497.1524615439598,177.49249746235137,16.6211598884516
2.7654702412791585,2173.961811878055,236.44625466134576,22.55416421477265
3.9854906991694152,2109.2711892464595,183.87126349842592,17.032971254357093
4.721017279940224,1179.0617071390584,169.34468737359964,18.35873337572709
4.6303028158530655,1847.504438731913,164.37029111878047,15.394866007404449
1.2278114691827247,1213.875808212396,186.06367707429047,31.866120941986463
1.8228171799062793,2480.020164673417,154.38600222903625,26.133151327643617
2.9076217021291004,2418.61059282248,242.2178640190158,15.874758637161303
2.726217159812429,1757.5500248850549,271.08256611604884,21.810787081366534
3.563566659348828,1988.1343722200431,273.06362052839233,15.328987518461224
4.778836203301649,2162.4316497546965,122.37070408793997,13.561187024656917
1.4496188451117953,2025.6973140763366,276.0591019082429,27.770489660570956
2.807434660536962,1989.7087748401154,148.55678332667418,24.005438938111507
1.7696441515485573,2429.5418135141977,141.14076306161846,26.75584805895203
4.5764303935917905,1813.9753807223815,237.15389320159426,12.091242580824456
4.858320743206612,1881.7145420923946,140.08015821984657,12.976213430404675
2.9148067275614005,2243.756875744908,82.18227329023333,24.404328840172756
1.416041190912563,1938.8144753592915,155.93208763137085,32.242793270602114
4.141178666890693,2045.9854574297883,235.93708808242025,12.051871419496091
3.788565401969596,1198.086766534292,145.2004366621406,19.100875159212453
2.418683306441242,1431.1537709956206,214.7985828788837,25.001064188828593
4.549629895875854,1050.4122877102182,221.82747218052,19.653654802523743
4.903327559130829,1659.8012519691692,238.7592826970619,14.838938350924838
3.2314153965207817,1574.7365811564187,276.3400072515154,18.593016205781346
3.2629116453771694,2495.176784275077,169.48983483173924,18.434379862576655
2.1900540204551113,1839.0547097864223,108.27937763236513,31.357731462425207
3.3380241439332567,2136.9561994305195,143.35291454933457,20.588662946675093
2.758569282099386,1367.8249402880122,169.39846869001676,28.823066084728858
2.2087641077122075,2213.627063282754,234.195037945466,25.201596526282067
1.2687407860956053,1845.6444430290617,73.0180888791757,31.147314664337326
2.0108314388364996,1984.8869637173452,142.63063819117215,26.78883237641318
1.7914185987106577,1300.5323225140723,249.36379363444286,29.622478477771185
3.1681679382157957,1732.6852658824812,224.29727176605994,21.2180553202301
3.4066800870543754,1877.8628548031347,238.30019392468918,20.64393931909581
3.434286897224066,1801.4609488881879,256.7164769710148,19.504300754569247
2.5527240041827164,2355.8293094217634,250.14421534193133,14.58194723758275
2.684918934741984,2327.063529637341,226.90212821513896,17.776364567615143
4.33695371856256,2450.67289839068,171.12215244523583,8.264662036376997
2.9049312540686496,1934.627610211882,296.2276156419754,20.2283838470685
4.95109332854849,2452.2540212136637,200.88683498571697,9.446501850410417
2.7584689200354595,2215.212600054245,116.636918154833,23.36530395367625
3.598323778471356,1260.4146385779309,137.3469566741004,21.04151224584232
1.2014519959735832,1526.6406382372052,229.51936487320808,33.11743754172187
3.6133596976752433,1205.2671517213166,282.6900999958766,21.685588746036725
4.405705577660024,807.1351734119609,111.10562971735644,19.203385515882633
4.769831354133185,1119.6828803497447,88.93969402153085,15.841558544256992
4.989282446559082,806.9029966876886,272.7521410496614,15.563766590319045
2.1287145825969325,2023.725384295833,280.51393514995186,27.21108600976385
3.3014802593028674,1523.4083061260392,133.5672494226569,26.60369766879961
2.8028719421285895,1331.3770360323592,156.77571660538518,27.320049497983653
3.255269922300684,2094.9255148618195,221.84323942450743,17.352164682537182
1.6298118287593866,2215.2275168533965,145.8839047937692,29.63081049503787
4.424598290383766,2458.0092157047957,271.7465029021122,9.247183881896863
4.63827577337835,1891.42309394791,94.74310162418843,13.921629557537308
2.79864665245169,1584.599229518088,78.7359108208449,22.221118710490224
2.1217194462943074,1318.949312732641,117.95182755084159,30.642384050543733
1.5633337106120493,1177.9409556641847,135.80018898714286,32.317888190601224
3.7350592991112177,1161.974115820422,95.97311599644127,23.788231364469983
2.248927358482941,1495.621937023658,85.10879874834875,24.97636215502591
4.638154279653555,2486.0368039894806,243.78977410541358,9.842902444843924
3.68404989937948,801.4512856435856,107.78361015751919,20.55457954379103
3.582741300696963,1135.2500252927014,280.20210578524996,22.98188176088378
3.2376084635929634,1120.2680700860756,154.6399221330621,26.161601357213737
1.1831053577149024,2019.103125404897,224.23933623590943,28.94684131683364
4.727689742742347,1399.2240369167052,121.84248639682406,18.054021093932413
3.51174997319784,1577.343367806095,125.27423675312937,20.09290003459063
4.976247933532441,1052.6610217988384,202.18311665954232,15.956543921382538
3.149425619091548,1488.494966090811,198.9478727835768,24.42098769533734
3.8404435676248525,975.4396802399212,246.8077224427787,14.795850813637777
1.2248382314648887,1706.1735894105914,244.29706030968117,29.564550970073928
3.5269447072936435,966.4952211508551,224.25818587264206,23.00234838005192
4.0585984463614295,2143.8642479943655,173.30003015550292,15.129098689619434
4.11405717941023,1763.222919818832,274.84728884454194,18.03085737941866
4.080446608921141,2030.7453854149787,213.19305275089872,12.932376723455656
1.9051305091746706,1511.4778573095625,297.74565280634215,25.719726624561535
4.901593910420903,1448.5351985117863,258.4550581249025,9.248515240221604
4.980728482499755,966.9551113830681,80.19125658481504,21.678330201435877
1.302383500646405,1690.5545319727985,143.73659862847308,31.667997579116914
4.745785691247029,1674.6536802570563,201.5314147883189,12.990357070639783
2.1577967772174773,1595.7734755643291,235.93799371044204,26.4084234972607
3.757136327003859,2058.8812199601634,196.57739448524654,18.260836032335607
2.3524436829445285,2215.257480055003,250.8099971663018,22.84002104870856
4.871017293492486,2076.342447412464,135.01080013418925,17.858753719905643
1.406015433214142,1044.5717627716344,112.29977178354977,36.40894036120766
2.990987267825504,1857.5011657795837,82.40083727164712,23.17905022820345
2.7121911677682986,936.5492796722067,201.86216125145006,26.596341062720576
2.3040938091119396,1980.85788864881,228.3778897553639,23.22216581125535
3.5821359635205945,1449.1264641539153,145.01443493745316,18.939725313618716
1.52422297368667,1025.2482256526873,211.12436251685162,33.10988516794935
3.8666496725347876,2265.4864568594176,81.99616309626572,19.266332303521494
4.92236849521915,1843.8141763661936,92.83746964826483,13.085610047861513
4.218234857874521,1403.0324455107966,231.40359761945462,15.650831418116098
4.440067011638181,852.2362054058492,154.6560321999787,23.477253563368745
2.43854697271601,1713.427440306138,224.4068271536913,21.899025078573104
2.299546425924875,2369.4839934265956,261.2958576643812,17.29329399700042
3.068193418760533,1813.8457155940218,266.10316061950687,17.96193722854233
1.1829064590490908,2451.8060278531384,109.59855845682372,26.55360096210379
4.781432537826131,1031.9669010597795,181.8456816408097,18.068541300963414
1.5751406920647688,1766.1186778112226,238.8031464354719,27.796231221011457
4.61205215667237,2156.81258161093,248.0155371413894,10.755991475708035
1.3343288880014228,1693.4192429137174,250.47547556764184,32.15761818802101
4.29049971071424,954.8128051787035,122.47848690753443,19.94119796005904
1.6078501035128605,1790.90620263027,114.28300807646787,32.27073713124627
1.1525264563658908,1839.954439932202,205.70286770295007,33.94618376285694
3.8779578010376348,2038.8057224080994,240.44973347979052,14.695862717148195
2.121061200697713,2094.0595757813057,143.40208857286444,27.530400057260245
3.857984611137398,2110.3135699580325,94.08218607835695,17.79322954789775
3.220341001891279,1927.8554691862423,234.85166806931784,21.410180540907614
1.4352295609202623,1166.8790169117187,138.93050121740103,31.06786871133953
4.728520293204655,1487.200784927115,108.26342659169603,13.465101587256541
2.8092566990539103,2119.4209534444776,103.97641153134029,22.494548077066174
3.937789111194752,2420.8258717813824,142.42919593114476,13.580491548376894
3.0040822880625004,934.2098402222574,206.31595516016145,25.14880203651321
3.417445899844819,1710.4123522552313,152.43251489957782,20.873005276613913
2.2110943694267697,1331.287861251321,74.75222586648927,32.233071392952276
1.8014412160138011,1183.1696203386107,92.28893997589654,32.415845861588146
3.1702808136322713,1659.8781619835156,136.8157468556824,21.46516756356124
2.760875891884008,1830.3518789461125,221.73203089383114,21.906193774454977
2.5604528537357325,816.6127934131181,92.65846689776278,29.723211866687258
3.690268780378492,2126.3511727420246,198.95107630515682,15.069867704168853
3.7620265280445437,2193.7996231410607,97.57375028952097,15.043360611127618
1.1836802243650522,2441.368401765486,118.67152529035775,29.64028259598231
2.3549779769746886,1107.0943464819813,109.60336133782543,29.360159742766026
2.6470582009055095,1810.7393560136115,85.46258618128641,27.93431797024801
1.3875686446566724,1525.2631349098706,224.40585799891576,28.052931758071082
1.9436034667931534,1369.207347644096,176.58281589878794,28.82012249974223
1.2065671888910265,1761.576867443758,261.1422914063878,33.562248331515825
4.9849683944680825,2130.0512584800354,92.7448931959329,10.690784837145051
3.946228811879378,839.1897318568572,103.28857466775662,23.534069283771444
1.3498006260110147,2447.9801913625174,140.48527821060364,25.76970238326953
1.0809975191603685,2176.7986956997083,246.14917699592587,26.091180360219138
3.877151200609121,2076.9612961974835,140.32452932581072,20.51756889562612
2.756768662730668,2092.658549706856,163.9363027246993,22.816216868592694
4.147186836258304,1461.4032063517093,139.36882024834784,19.437031058458224
4.693904151273535,2077.754936436183,88.4515871142369,10.980040348934226
3.39720155606549,1457.509354625028,286.0697332661231,20.72253355744155
1.7484336916690122,2327.801610277148,196.16396817637343,28.01038801872938
4.12877614418581,1101.2780516209984,251.20163328266426,21.12465047696973
4.823246972697498,1296.9906211657576,221.4221312026181,16.30703586584368
3.320925148239824,1737.2738225884293,188.27848418425427,18.684464306982846
3.727989789122934,1342.6587610083634,90.62599903165743,23.46048410309635
2.349898780146692,1521.203317001965,217.82871541217,27.62308512696653
2.526110778641245,1637.1185719776108,105.73518186547139,23.48026243941849
3.9386179914122557,2255.8006929829644,165.30812895194362,13.479184816021457
4.711084393627276,1689.4268311347778,214.69602300049897,15.479838059666635
3.515953548897409,1416.1817426447528,249.91267010858837,22.09316169346128
4.159391633941389,1221.151478859697,227.56039041298249,15.44891056049213
1.686540069661492,1494.7491639467353,224.45271168256463,31.19454251684591
1.8478363610318942,1676.7513775044288,104.27970811029772,30.48207394341966
3.1281387473335602,2068.395257245502,149.60956421646523,22.58715660198969
1.706216768971362,1005.7829194929757,79.86982271184465,33.57356245657354
3.5399802808836944,1176.7356200065565,235.47968543058684,22.997193779898815
2.166612741578796,1445.4118269767446,289.0947757030064,27.84563919213342
4.166130474667568,1412.6772887031748,130.74538974118744,18.78838351741111
4.232441386457374,1465.97174892886,90.17024310733115,19.740034553268774
2.8551498230214123,2148.986149888552,179.3811176533403,20.094654523374068
1.7232425401505411,1351.0624850356944,267.0405913193408,32.59094094505377
3.58709984432773,1653.22690668453,196.95406491250935,19.61874106803698
4.971148073054346,1860.6419558584241,80.75874454372607,12.381826314207267
3.4903635917700933,1194.7035353121287,294.0826153214276,19.261360230410833
1.1430987628560314,2021.782158150816,260.58947929139816,29.21734701142202
1.0691759030683303,1730.0892435550777,100.26663772184733,35.50500385600243
2.2814478819692248,1559.5279771533428,282.01348399580706,22.483197334169976
1.7831352274416195,2176.6328454551335,173.6583063791934,30.423313513817266
4.252204828573232,1213.9419406148095,155.5365378322365,20.175885985526293
4.379222668144002,2301.3991500443494,176.04226602125328,14.008957534572001
2.0344750852419047,1753.7828501233962,261.9515500803178,25.625300233920264
2.3025791077995708,1835.597294945419,221.68032600596072,24.914029400858087
1.9449878708604587,2287.6002390872027,83.62714405193734,26.86795029336814
4.633530189485056,2189.890569343871,290.2490053567193,12.1135080367929
3.010597338489129,1822.6555169972305,103.99035070001308,23.738071533661202
3.6245481763280796,2080.419096541896,241.48062889913075,18.179651494652926
2.661928346798413,1536.6431333959247,216.31140199847013,23.81321951235376
3.5240567740181246,1730.5421809495688,113.131451027709,21.855657261231986
2.5434215068869443,905.519232404469,109.26837750600141,28.962088064944066
2.358713750916902,952.7584606000796,270.1753465520792,30.472188476472578
3.537920292693921,2210.0231871167643,166.52983240490732,16.262191471410198
3.364248312195957,901.4418146602443,220.55259826005187,23.610538511995305
2.1741118166717985,1087.9785135754323,185.93633088703484,29.340900906113664
1.5973938012778937,2152.915520215751,237.29130892747068,25.79472443863482
2.4743067753525505,801.9481160680357,180.22574625904602,31.459202156602018
2.660790556567637,1280.0873590379692,136.09738050878073,26.94034728232307
3.5147373336984193,1792.865718305257,153.57817532919418,23.178270294479876
4.658115054547455,1812.2648834978042,267.5878697235788,10.65939274304179
1.1447391901317006,2121.159943990105,177.6479793722272,30.456299681831844
1.9746440501673796,1660.0746326366898,119.09334641626013,27.89296767902925
1.7748637691182414,1665.9831782026495,284.9592392577682,27.93852604330312
3.0091776347751344,2033.0279784191907,253.2181049946267,19.692710380182298
2.7188032281726393,1647.661587552682,82.8032135929258,26.201487560117922
3.9161504952807538,1834.4348471581486,299.7568812555191,17.62888559570215
1.9696636501794553,2326.215916033587,229.83314018122354,22.615255623200106
3.3779934629990342,1482.4667129410323,106.861317779335,24.733503079948964
4.535429054399837,1454.7126205626778,124.54856669867718,16.02040046586429
4.642710959673218,806.0332861701112,229.2624606855558,18.396399957392987
4.835138418900124,1842.8246445860943,249.34504271419806,9.232133171838058
4.093044608319954,850.6122425921244,124.97826692445541,21.457116114337015
4.6239516250356605,1657.0524325381375,129.1028363968323,15.848636893048639
1.938123487941097,2167.197441354785,140.637759820574,30.289938491755265
1.790323777401908,1734.8658198834273,207.54422391242645,28.42477527624434
1.0259523351221058,1258.3814808683492,109.5177210092937,39.69731313159526
3.8273774297163934,2136.486316463931,93.97593574349882,18.741809137610236
4.7498687512549775,1258.518906940316,226.13874048966812,14.661118410280293
1.7477413801667057,2046.1540276080277,249.1925261524291,29.125385483279135
3.5477743017075154,1837.4393738233932,185.21376301579625,20.24369160617637
3.98583903688711,1088.993704471602,153.68152336172864,20.26676263820644
4.710456940592226,2338.7275872351156,169.36982411108957,12.307823797442094
3.5874408960688866,1141.0942610272327,159.33380179054893,22.5854586788932
4.881174930995009,2482.2980260391387,290.7965288946653,3.388636244593365
2.378692564050191,812.4278307133993,246.66067820040226,30.983130780705242
2.3997141350856306,1247.9217411429352,117.86005941552537,31.594487541830517
3.1720500400573823,1139.7625053661382,158.3635049724154,28.949551233418635
2.5340075244636284,823.7887972897864,195.12282701351523,30.15284923535315
1.0057029131501305,2045.0254302504366,210.98674827464833,30.02917646933913
3.9270881003479494,1978.8238635693137,177.68229608661642,18.586773113438525
4.006868165913934,2146.996639403382,256.3291260527506,15.803734182996218
3.987898418747082,1236.387528989761,246.54938447539328,22.224144938080766
2.3800826664418664,1555.369784041049,186.18632128447837,26.509756075762972
3.0891578932446877,1920.4929867566307,266.518758959798,19.29021247566226
2.439894072706678,1547.6064566098441,242.75059200174877,23.776396673865353
1.064145600122583,1985.4538095404569,249.07382520574797,30.845450621020245
3.249795765085675,1877.7547943487516,289.97217926968585,15.466280280972478
1.4950426643360442,994.9012651377,131.28739647811662,36.47670716879408
1.3201652963657624,2127.773305830846,131.5590773443753,31.30479568586103
4.021996274787149,2025.149810457281,274.4590188088472,15.44522960251765
1.0380248096724225,1914.918458949589,247.61206587870626,30.559492812319498
4.836033774434904,1063.659130660704,283.10547453019433,17.905382478980243
3.0610214564503075,1255.593962952118,84.51993687462421,28.470511096349114
4.932065722824594,1468.4009536989206,214.38412777016723,12.495829679227684
1.2319902898908337,1275.8803568159537,103.26451776839292,34.21699831170291
3.334118195463653,1187.2774941494235,185.896355607294,21.91574681295946
2.3973081439036448,2169.1080392750187,105.82179432629218,26.154049863132016
4.373929971257143,1884.994818812344,99.45805706652223,14.715937065842208
2.444890940937145,1761.3026236354256,72.79871943786762,29.679842075546496
2.0419503162293964,1184.1196084505316,214.954926848068,32.216498456330086
4.430212508399653,2360.7301558566905,152.5752018387198,11.235750104042985
2.498612366613044,1125.0111664654378,94.19330552216348,29.626919154978616
1.0673332794422459,2151.416585801951,144.25268887820127,31.054438858939815
2.561156403357335,2443.3435333989983,108.85714103386454,24.568323816480376
3.6180890760437676,2036.0576396812014,286.58981124538167,19.216156947687274
2.0174381552255274,2487.85991781387,143.60112372511009,21.23050237456366
2.727950369700629,1906.7868988625094,146.80931035655968,23.253766014999748
1.226860553128902,1169.6825841266214,263.1673407819047,32.22190410696359
3.352371166055829,1146.493139318069,218.98382509578096,20.324662261441794
4.025179695441575,1351.7592832343098,233.3394697026903,17.478295673958645
2.653250245604441,812.1210343757103,216.28041491746092,29.20307319045125
2.6809305312058402,1958.8873991408188,287.62514530817003,20.49104963642419
1.3531299943396657,1256.7352338673068,117.6101912583504,31.509227696583295
1.8077634580479303,2185.81149489768,297.479025603833,29.830710119215112
1.6187012125116507,1410.5935059508106,261.11992083799805,30.163483721336096
2.926751074646152,1615.9260388876316,205.4636954415587,23.400728783713262
3.1170221638030005,2441.671158152628,222.34547361113727,15.563771191865023
4.79576052513704,1211.6926091803712,219.22995159514124,16.099547620452668
1.2929260171089356,2026.1319656305573,83.4311315336054,31.40765988754744
3.3994718926201886,2083.700241819209,120.14379466234588,16.40421660912528
3.1059941093129653,1175.6968677901798,291.1383034406923,20.628268165641597
3.0649323917433167,1651.6946222407325,192.90381863765725,24.148640592674496
4.492637149531306,1395.3432730320462,157.02132875023977,21.307706612179327
1.822153882781946,2112.2406137801518,245.26884657948725,26.156981395685854
1.1630930973654858,1858.2216423493637,190.6393568108362,33.286805721795766
3.68908603053677,1609.17119326293,73.02743742933644,21.73665451524835
2.3806298565439206,2124.917550581121,239.3346472444771,22.512477698124044
1.0703596648500984,1199.7644690143088,238.4100388121581,36.06313660967373
2.0054960291616553,2081.1571969934103,107.98420378529411,30.732604371877727
2.2373070968672475,2271.1363305578016,290.03182033756906,24.259339843054615
3.467353507136968,2293.656714572873,121.49887025445629,16.632245335592028
1.6903431761970884,2132.2451081333265,175.28235449790583,27.24749370775931
2.652217391813592,1493.6240838970568,96.38927109001037,27.898056568599138
2.92990177767133,2469.073638620306,208.75493347363533,18.310668322054052
2.8369495654563637,1445.309194498148,156.35375761315888,26.237346134795455
4.8957630666671275,1885.6631784741237,151.22989630823224,14.70942447146699
1.1820169511611844,1073.8261027180968,260.20468176081783,35.52231059929751
4.803872745809597,2466.7631276818674,72.19919395561,15.57457705787352
3.3277488559761332,1996.7760671699275,253.52775730525718,17.647938028714883
4.182910859879353,2080.7418269188265,201.4331701220581,11.925006833889311
2.7215704720643017,911.8203957989458,296.8026581004458,26.613461686703754
2.8153515250279217,2097.810284175142,205.57194073897728,25.09037420157474
4.517305996063294,2117.0298296750225,82.73720085403032,14.219625134319692
4.583737985167609,1942.0136348157907,81.64842508205706,17.111967352569298
1.9547555257251905,1296.2463434435842,273.12518686552136,29.673978501790984
1.7969675143384727,1632.4730716734985,263.4792534675422,27.96609609527851
2.9849406954798043,987.738431224818,149.55471738386535,27.15935946088701
4.601108108510767,1601.6980129805593,212.14747136166156,12.896161553867358
2.289420373624705,1214.5005494206882,182.60601212278806,24.264950997476117
3.608058461356525,1393.4648770399394,292.447732681292,16.919727241063782
3.8326067509624044,1076.4206942862877,288.4910072016851,18.904434331499438
4.114698659576623,1191.092425169725,296.28297196437813,19.740230511826105
3.255697831683853,930.1666910941976,269.2832195458808,23.478756870489384
2.6098207131158784,2363.832322942766,279.1968658782733,18.50974606430501
4.8680639551958915,1701.6981695581858,119.97411911644137,12.96973610999392
3.4453230132114108,1474.4613511466573,261.1315614676481,21.49205860587566
3.9142608465330833,1709.5496617069325,233.03713603698318,19.93691907092147
2.3799313827835133,1868.0984884186396,291.44089703045614,25.05790414711503
3.6797967240123204,2367.1939487278933,201.39022054180248,16.94954162497982
2.0311906486565037,1103.7780188867328,89.58844834342796,29.58216220264938
1.9803876701145446,1302.4392476798698,207.40174497304517,28.734482025879487
3.8588888072377054,2458.841871784995,227.91361344489619,17.747682793767922
3.0855789450517404,1431.0280773024915,120.67383660385852,27.24738913998212
3.733106441689559,838.354806287457,160.64607820792753,20.854765759486924
2.0777539629923667,1050.99393748317,207.6557852318864,30.091963746586046
3.3948933642269217,844.7757929725384,156.04431958279628,26.406964687668847
2.77573459881245,2482.8693421152384,156.23797496489271,19.057903870011266
3.3878411473821117,1274.0804432850791,100.6099270097434,20.05978546365148
2.1635189289768775,2370.0226867915844,286.3717463078632,21.80250508503329
3.8618038545964954,2493.006668791517,242.6137084338722,11.798156699141618
4.223717464637862,1819.7300759432942,70.28599093920346,16.809359000140784
2.0396658954308946,856.433735611455,246.091055325098,29.88832001842478
2.2024822394225683,938.7057716577758,240.1528483113075,29.223651149062505
3.644617078876372,1618.7013936833923,72.23812083577029,22.2204796322944
3.7823406972141767,1490.492421949526,155.00898845116586,18.767674837314168
3.8163987375898003,1830.501419829005,209.55196877487205,17.134040778140378
3.7307940191033473,1546.0412765093188,174.13264992734827,16.618323782584195
2.571230867810155,2387.9306437615232,248.93680730571668,20.84753442676343
2.5794146976147134,1709.0575162029688,167.85541650591983,19.487979774110876
2.0192704945775257,1979.3343044861517,105.38848297438253,27.32022618432672
1.627334799585452,2324.024963492244,294.57559358298056,26.19006162030582
3.7703095175876227,1049.6821889164526,125.66919833849072,21.267976126160157
1.3727551438892514,1190.5489120014986,235.06923142450643,33.91495549937091
4.7511691471471265,982.4417228058256,102.92595168273655,21.584892040822293
4.306745214685805,1037.3852786908508,145.6729011703045,13.750089604715853
4.430022959829024,1671.3927437881962,171.66634993899748,15.756868675982462
4.626675258460761,1346.004740244689,114.2133610412247,12.100785930391709
2.6344198828929604,1519.3938271954833,173.49070256478018,25.524700507120283
4.386802893401605,2470.232714049905,106.14744928810251,13.577530555017747
1.6322452011665973,1066.397391253112,198.57150396675473,27.570268986744683
1.0865671784329427,1719.3805203567285,222.6540480796446,35.36685726861848
4.1395655786554,968.0809635912067,84.35988532644248,23.346601197507365
1.2991865919877572,1341.4437325485937,270.36038784889865,29.691593756176204
4.954098669303686,1696.7940702468177,112.58240355966817,17.424647086051152
3.699185718406224,2409.273968141074,121.83335782367448,13.429807969505386
4.0137988409684215,1465.087976181921,222.11046321910447,15.705014582829564
1.9832154251114638,910.3413835649387,177.81274389991523,27.37705003127988
3.6954615756787526,1459.8744615325388,184.8609878093451,24.128190450835312
1.1728797490198288,1047.7599989857622,99.47564644952053,37.57198107392564
4.351302879694403,1190.9823425954569,255.3192390315739,18.50099268761621
1.6784963721262898,1850.7540593804838,211.9224766039683,28.71730077822372
3.789432267335082,914.6205725462588,101.13786996117489,25.604513923658967
1.8979220049309133,1590.0303856250634,156.0198544158871,29.595996386694356
1.273812677704171,1836.0846962182995,256.3942845290569,29.86447012522139
2.925974714197577,1517.1592670247446,200.72166057692274,23.98510375479584
1.6771448410911578,832.5147960603416,94.98921920057401,34.33473381909246
3.917775953306199,2475.382906734871,155.73872053153593,14.826181758734593
1.9502633735339394,1424.0968044789101,125.81971164481897,31.158994023562723
2.3698902249433154,2123.5812177865537,189.01707734035705,23.97339947864777
3.2697570050578917,1353.5990367186705,263.9730596405576,18.648214382799402
2.1398731103092463,1607.528486888812,170.34144100501658,25.16618985669256
2.5119524648398466,1460.3881924386942,169.66866698471432,28.910606241745793
4.262487084161547,1382.316690166333,278.23070753521847,15.597378885889427
1.7168393982441028,837.1473412532239,202.52264487667264,34.349064099051795
1.3288063579277347,1412.035594352656,200.22395010140357,30.107071417125184
2.313431140532077,2312.132983679201,130.23927513133955,21.321102123023756
2.6975070680555127,1973.6686756092622,209.77623200253905,20.761403416561922
3.1706371285462707,1047.2188604622477,202.45940750600116,24.41640176329456
2.489694784700028,1804.9635078586566,161.2758381786287,23.970911175065183
4.15964680089122,2316.7924619130818,297.8599801568115,14.248471129053684
1.157277950673893,1990.0578696402542,272.83492193805995,29.165669062742985
2.727070152794232,1052.7634670063844,242.40484671766757,29.95061220376728
2.5290236586256185,2275.315244448644,193.58948533499012,22.915332086071718
3.590313963227436,1312.6248225910713,176.27375443576494,17.13472934635254
4.865105007589584,1571.929445330981,112.52640090133585,17.676382930287566
3.0415016265154486,1694.4426914715489,140.31961902336346,20.49478278465783
4.947507387766882,2245.861227442932,248.01098395933835,9.53400457918684
2.20899757965279,2383.7327417510237,174.36225940563685,21.999735089540508
1.123472530169844,2380.4098922439453,272.92198881098534,31.307570180639726
1.662652669905651,813.5221081735191,104.01956135947162,38.417930737274986
2.5804995390982692,2367.2104254952774,186.91983208313638,20.03941225196602
2.265335636754209,892.457842202673,218.80210732490102,29.580275122475346
1.3882165239335107,1251.8152165896402,188.87514495082297,33.51153453766622
2.7306404307628673,1675.4793530373158,274.52218506454705,24.205785522831363
2.352463086638251,1615.87367130747,297.5995548207021,24.26462893850738
1.4904768818297538,1828.0066496085665,96.64197141851504,29.424953115676363
2.1844685224476357,1615.05858885291,99.88962793769183,27.569454606343324
4.545744221421562,2388.4386553887152,99.97454611882785,13.320631100818474
2.2081954619573607,1208.933041964798,226.67073209622134,30.84985679599416
3.8558216929682065,1265.8419798654259,155.71550196404272,22.13304731762307
3.4481883186310225,2365.2544906781955,238.6623720911584,14.612708658400711
2.708724649633487,930.4571733669356,163.25843876400512,29.835667665137365
1.9561025472146767,1836.2533972381768,214.34954590637463,25.97725968185192
2.4760587973837818,1958.9511185115384,247.0673413061455,24.664419604774174
3.368428853884171,1659.420929830557,196.08965945063176,25.992978729070934
2.40301285899742,1980.1941939993333,194.0858258035014,23.484595477059106
1.8595857342969273,1093.6828982203438,90.29389481569592,35.03098926055247
1.4658509955665284,2249.474795711618,164.47980086917,26.64298836215041
4.519067751638261,1038.0436720988055,195.52874524173563,18.079340442097358
2.7612519030076226,1481.3811553367746,176.2555899032743,25.32084748395673
3.5008332869717202,927.9379222239498,277.17986004333784,21.92517943306613
2.961641444547221,1726.8588339895803,278.50204538748255,25.9134850771164
4.490266073431854,1938.5678726235865,259.04099753541516,12.06182416965773
3.1877394097928433,2400.076779661994,156.31855733581762,20.1082509835792
2.9231256717964533,2056.8715330232017,234.97880488813288,16.540264139492205
4.69840396168685,1719.874957972057,160.91634604601023,15.55427160752448
