Rainfall_mm,Crop_Yield
263.2533897469814,149.13805084763513
251.48203835383964,119.96699725462544
83.05288070507493,45.65465407986892
228.47864602090857,102.31568742777073
158.85903222550888,70.1396629518614
123.66222576562512,73.15309480001937
62.50470522554659,34.90998292034465
171.81239008636274,97.53849259458914
138.85917018113284,80.29267263492994
112.8782599191002,35.54363302837636
223.6679323992394,99.87442279906381
242.37134682889675,123.93043143022646
111.1973797573562,38.62779006927249
62.36185916983681,20.637879158877617
262.18817514130876,145.3637616147585
52.48993530107583,20.829308884429064
284.278123480368,149.24204752639434
206.90496849567648,103.17080154631486
130.46165880033007,58.431466857218865
111.61947739418406,39.1676459700867
52.25141606611881,28.458729098703177
108.8678542527193,68.97998251704828
84.43207537928528,35.70076289198509
203.04155518078642,102.2067611326818
91.63639714845033,30.62031054070524
182.15745938415483,84.35697777957695
197.5291055861177,102.17336938767446
124.51042458672863,69.69237049736245
58.76623725467968,34.94260612692171
59.31347015354903,9.341221969302147
56.5868330484794,23.72406813289227
234.78116678413656,107.71777228912205
129.50242620357454,61.66093034361683
249.0750464919159,123.42560889108451
157.93320596071229,89.63012189230852
163.24952520749096,84.57713297068074
178.22065062739344,103.28864504256757
228.25786409377596,107.13382890261619
118.37571645742676,45.017092649495154
80.39683738338172,54.75084509989551
189.01433379786536,98.84171927793899
131.7444058106848,58.43948523175344
160.62282841700934,84.68964299360755
211.73667708432635,114.22093421415748
173.53143528531766,87.95762577273474
205.0697042752107,95.24448785733998
186.05000052840697,88.61237221564673
234.9490929840248,120.38076147051041
226.484154427905,115.23095676750937
183.5474729521548,103.89633705393155
219.72575521492672,107.10377548344306
268.38990056815317,124.55734430032142
158.06782194704215,104.8044542692214
153.19076818719842,78.34026608847657
241.06140521309504,128.87333018544288
195.6384592604985,103.03771335050806
67.75169505564713,35.74159191343246
273.0280039227703,134.23656465395348
57.69577555941004,0.809730746125819
237.09908905243577,107.91733211823967
239.69853567607822,123.14045997221206
288.2777713204826,116.94915328017234
63.53360210058019,32.482984977392896
199.21421519612275,106.21941270670462
156.96014265676325,86.81285749941595
132.6582387148855,72.31067183208981
72.57964007476826,45.87373955355527
190.6635299178273,111.38787879133243
169.76018141865342,95.84127006341855
76.13861453775607,40.037621257897335
203.12237677427083,100.21498983940789
234.4882800632346,118.39051877714422
241.81957526341205,118.15480611495883
276.34329706560686,149.34745585525968
152.3676854721943,81.90484481910703
288.2681921555343,140.32333153329986
266.35735127067153,146.4195534714567
124.12539275598476,59.14390783764627
89.82075933736462,35.452663207949534
158.84734903200336,79.31624904949373
150.47467698899163,66.9960036577786
193.92982633280107,106.32697054177308
195.846558081937,89.46895720291874
237.49674609499382,117.59467676538864
177.47248705140254,98.13331844515719
76.20566023519139,30.98081053174226
264.57283388827653,136.3978522773347
127.44114579629677,53.98641931310385
292.824365076648,148.85601381029582
79.46502716994254,45.40498207354649
289.5627930581258,144.35989121224821
72.75295172062924,36.71173873509781
107.75903448676488,58.319375458987736
61.6449855216354,28.017406914573
226.27828665974874,122.03467964067065
262.57468414294794,144.99875254489487
158.5177704539951,70.00103863436134
282.1305187606074,158.73585512488071
197.5747679388999,95.7525063744656
207.5017838616308,123.6943414280139
261.3548004251925,127.77822935395761
124.20005126295973,69.17381138289957
138.56643033190645,76.30332128124729
276.48797979866106,134.370874517097
275.24087400969097,138.3467108866395
294.1206940502177,161.45935258867695
275.4595791104178,134.50796505758885
81.84300900834022,36.74604384162423
255.93107153424683,116.43086375526227
152.4596195273985,91.90533196474857
297.70033898648444,144.04240387819618
168.07024108220025,96.03492272057957
188.45902062555515,88.21596214206782
182.44372881419963,102.90771055905395
130.43425746456944,73.28355989951223
68.75552222322955,32.09344190095119
273.9128076004796,129.6136440873456
250.6689531315717,118.8041708112053
84.88169513991733,35.78284886894096
244.1920678375182,132.7478657199955
206.4616665126525,104.83313690246031
152.2859469794056,64.99174916461575
113.50528727389067,54.23130952693454
264.93219587555814,131.15589691837624
225.04706482351327,91.13364347561925
186.9349773672842,91.50235953938041
202.39213347461603,108.42799649759534
72.76654552054524,35.006993937698205
168.47994022779798,86.7840389013655
98.4250731964255,54.05766790594048
102.09591975220634,47.621937468392446
215.3259905717167,114.97054189746227
277.81403795857204,153.48186195760303
150.93915261958665,60.23098993531928
101.9373182530476,47.520161602458394
212.18673430916357,129.38954198911892
267.79676158757945,135.60403462586973
237.07970028062272,118.19133063540131
267.18930763414676,131.01422951485273
184.13866775269983,104.8136853190781
237.96906109229772,109.59459858385718
85.01613983973411,51.769815186718425
137.06865384079788,65.76681661261641
147.3872911203806,66.19521633310845
177.82393656150865,86.60094177406279
282.2690900642059,140.6707401730822
268.5741400555436,129.30963377354345
83.63137307229613,52.94341171429862
93.1974129706158,39.177865536080134
139.41013739722783,71.10581717821219
122.68596647266848,66.71730915021453
203.69273828906557,103.14359963136651
275.6940119411362,145.569305305401
290.5728854181467,140.95080238143785
213.4007381338066,112.92663946502651
259.53980035027166,136.2921821763028
181.30055005769927,100.33147580125582
102.08173671500992,32.18428887489506
181.17210302336935,95.67651289842534
188.77065035941277,103.39802287532252
235.61439105338914,113.6926092187897
104.97074742683728,47.00715947098642
142.07759552168295,64.02502170861692
141.00686730364157,60.18337708849705
289.8598989352912,151.58755000772362
160.98624008167974,103.31214920598158
238.77349182453662,113.82654569068696
237.70284534360977,114.18593820975497
116.38604620081034,58.346988469184126
192.96742234293302,80.46396104776971
273.575723329662,129.8323783199123
168.79942986423737,83.83005812948602
286.2793768356365,134.2004051878091
103.6145573310404,63.78169243101688
68.53977644350769,21.33171457107492
272.8634682861873,145.4417873851148
261.92029949055416,145.64517246413106
298.1474689834612,152.89098194019886
219.84837202810652,108.54968044449349
284.17198166678736,144.54880896311866
256.7372562710277,123.96299279611492
261.1065832800217,110.19260965525292
192.28539261356707,86.35017297673986
145.59114947917772,72.68378358481004
283.6395181358205,132.4128902182051
158.0292939039736,74.88341809429367
184.70484181241727,97.14421250032358
161.52857678129692,82.21453011537339
191.20457849004927,106.18703696621428
167.6262697480818,86.75481025405692
61.99188964486897,34.52565231966316
270.51204650192466,128.13313039289955
161.09845472894244,67.23816637705727
197.23591212683718,94.48873461331328
84.79695068949675,35.12662651821969
50.84696199565978,23.755804689085036
111.32252341091075,45.00087807660144
226.14650803333757,121.49814138902018
74.79863252821966,30.090566998974722
277.221860096617,134.973239834577
103.75564233904615,51.67590013978541
101.14840357294395,61.8059712524888
95.37699040537387,65.27542357223557
53.495428242841186,45.02213353255854
242.95136711955865,108.65772735626524
268.75863281131467,130.64791164360736
203.54067565404972,96.13647332250183
97.04999541996557,52.22808898723888
121.31949923521994,63.7525756497459
168.98167434124082,78.66081868696045
288.5864879058252,137.67387986527885
111.8378429544357,45.94458408970037
232.911475979972,89.91411453288744
159.8620558232301,66.94938257628769
124.46183709000545,70.89866519684885
163.97898425552842,96.63653696517667
67.80167938530813,47.37941556527897
249.67184273259062,133.92826078812502
110.82548199574178,45.29332153272164
231.3530307982426,103.86429092303747
67.08709286204868,15.433315002204424
288.77463904142155,138.55534794187358
98.25374635142465,49.99793536877203
270.68551905177014,125.26491680670823
252.36830240385862,130.49503193830031
291.964981020354,152.501068205333
169.47266523643742,79.99142817073499
231.84932346148787,102.52448445150841
142.67766425944603,85.14809776773599
96.09205950492345,48.39745199867045
160.7689832333622,99.79655169934033
91.43725384711372,46.64241841747754
295.511155696596,149.37770702076025
74.0616227851791,27.385843192693528
197.3029308631551,94.41603209766974
206.61596381351399,87.71995421257782
184.51988571851356,78.823699226409
215.54647142795838,115.18488618724457
79.04519375297274,36.69676304531654
188.75463105132278,90.15073523949017
121.80314278184038,53.49731158404892
285.0440158252642,138.66677086819598
240.51791335993144,131.58959109603745
293.1286205399357,148.00652783869452
59.389017435047386,17.894359916580825
121.28329379517717,70.94549383647852
98.85564665958725,66.67820922777378
52.78864682795763,31.341370094481043
110.58143256158036,64.20361839867846
219.69399588010722,122.05482711374293
107.77223053364213,37.320066081977146
177.25086137065455,107.268134364184
271.95452874124965,146.96540507739684
223.4394800872688,116.60828705276369
148.657267476508,73.07402834673229
143.11723472802709,58.18619320482509
163.9339535021212,78.65296571409796
94.2603602649766,51.61415029778445
208.50019185399702,93.20651213660236
141.03820477615136,69.82162971426833
263.09133731551094,119.71025494964623
239.13816501445407,115.72284074658523
202.62829102304002,87.78787184894615
141.050555662379,55.94751695321749
102.4829579183711,54.64237307382459
244.0379660264057,116.22140742919836
171.60227474777162,80.94323140980102
106.18750954433938,46.759318424460886
98.79365376000155,76.62800675626508
91.35022612533976,51.74878391972775
244.29029905139873,129.29258491737644
107.24679632507792,45.869242799473355
181.66056588129936,95.87778982636299
162.8865902432641,79.16608509085118
194.90272480707097,89.61686499453154
269.2887250927986,153.935276558585
266.93684752043265,139.19633738231258
162.7690179562149,86.6078952828293
53.84156268368083,17.203445134123193
156.6109514285758,65.60338328041843
201.5483843560351,100.19867747563595
189.44118977451544,88.98545468205343
212.83402645005137,112.54342265090276
88.51893311827087,51.05207536802258
211.63377469518315,106.47192002878501
95.66290468594306,56.10858407879906
237.63099517418723,120.74854156815354
134.77190331567,58.669055502146904
227.4738583453634,111.75418200553848
61.966399726526774,32.340530289134406
151.96500639772836,85.27175380528264
226.2586305658332,115.37882372730813
106.71762908287354,47.644308494894254
248.82176119930566,134.07259365912938
207.694933276233,107.65502509559583
196.8904430374496,113.9019587745914
138.3872135510843,70.06638146506431
170.6128675952794,74.93314665994251
199.33732524446327,111.4384562577165
168.1155284787226,78.28986460472878
224.57833098514004,115.24340676257764
158.42423327673987,81.06928353205959
100.5682954355076,50.740441017632435
103.48344570026181,50.04352312835891
51.45094221073527,9.204029786479467
125.23942888966812,52.598675198529754
237.2294101196299,129.8360282821197
248.5406772094024,128.55834578244378
100.6168855239375,69.40141326823338
289.7609992178519,134.5034513885812
175.6006983700317,87.49378813149147
279.24468725462566,151.25427881692661
226.69132046540778,107.68742512916711
230.60835575560327,110.45050743669243
71.26090532651779,32.69705401687152
104.99778172423267,48.04541291215082
52.20370832361816,31.419828146615302
229.03191011918437,96.71385336143291
136.1095721071275,84.48204512754342
246.6631290190867,113.73493124398891
134.73405498425657,46.195310612177124
254.83343807471527,127.31432505918539
82.67456343707826,37.5632720780043
93.34328918937705,44.89184710636239
135.21913489598413,70.7353332013477
152.12184722056833,82.50933650582641
137.1757027107446,85.45436489205127
240.91175813080497,113.55447068991354
74.23784815667868,44.86183465998294
137.80425490962202,75.99149196549818
259.3099998788648,103.24714358367835
66.699269315543,25.01769063241277
285.58587691783936,129.92313281611206
296.5792105680032,152.76853386958084
72.14204345627002,39.44928088745489
122.81813056393425,64.98834228181595
143.10016650883904,68.49416057927536
244.09784216318153,120.00135549078922
198.98170302918345,99.20504399848099
211.09142512314185,101.53457984894163
239.3774557046265,127.46055057336147
79.49474985925643,29.050738669503545
258.3023642275656,121.33304348019456
226.404951045036,114.41566784508358
194.33543129909256,93.4884234680967
272.4338336957642,125.12910105377698
225.07658847095178,117.85754744916443
100.42499065775635,44.48962160293515
157.43634526891668,70.27096292677926
173.51071673393332,85.01156129292765
63.804406687601414,22.96970836861673
288.659378340014,143.98787588170208
82.14431519921962,37.475169239876514
224.3653168066817,107.05685736587326
176.55775902272003,83.21554388604775
56.408062471105644,38.16018287580526
281.1868689660904,144.28560859582197
262.9592022047333,114.38763584053311
181.06448197595887,99.36210304259734
107.23558403486132,58.78336246542901
80.40572267002356,44.77801035346214
140.84811985803165,79.30316879153334
113.85707026152262,57.07883549986928
176.6728002515747,94.53723694190691
291.60232403085723,141.15644261686515
193.73837330741034,105.34498983579695
272.4827639725245,138.4225175366678
212.7197093739443,92.59023814261322
168.8116316468001,94.7696655027055
263.6518906833428,130.53689885396756
167.84202754324937,81.2397866814462
267.1570426275903,129.15184670736278
122.89419239394132,57.75346000768823
82.20326844074702,43.39798737111177
263.8286160907346,122.03850809371428
196.8537909481667,82.74076872925887
272.27309956224,125.49189439012379
284.4568017480958,146.04557938244827
63.40709759286229,30.08416733079853
175.24232546471708,98.75309397812832
143.74113726863231,71.22144130686594
206.46459926752928,111.6574307161266
248.39779930058089,117.27075356978952
120.14755399359224,55.72235490277393
189.1995960932929,94.69503962598253
227.1821449762249,112.12130266764106
83.6077707089335,39.40023503813969
253.51672648781673,118.03721771882638
201.52739996324328,84.90807952296215
287.38435927841294,150.0023453590914
134.88222978267333,72.63371843491379
77.03648558429967,32.37955056141266
176.62530025923132,92.10148800764402
71.45269292735972,34.06188636898049
292.3816308310017,157.25253293342416
59.671239564297885,16.713023848895254
238.375975276827,117.92072422278596
181.275599535561,88.57233242329106
142.15516312457217,72.68874115084786
66.46054112716367,48.60164867239983
205.54173104340194,101.5336938203161
196.30508234773882,105.58386297245141
120.22081826689994,58.63224648269226
277.555425352578,149.4868421100349
126.02750183570922,70.54223422985731
162.43135264802652,77.88252637893322
185.9406139796639,88.91729638179852
75.05796954407153,42.398591166332544
283.0404298034081,134.96615450565795
143.63403811276027,73.72334501269223
70.1948034685859,31.539435954994175
146.82279341883248,77.09242319098436
200.0506367731452,98.41514262994839
178.4131679553324,82.28077220376153
223.6354935093185,122.87081582869537
63.870985516977655,34.33105513092264
121.13515256801404,60.03172253081841
254.80764421002556,131.60370955722084
69.97342194784022,18.274837644953784
263.8714886739894,152.8375925846553
72.97402301927656,36.73388914849486
258.61355372292405,109.67504776264877
140.19710026968167,82.0694953974304
203.05226581430395,94.01224788032323
88.22177891199954,54.548022988761076
66.54218043129521,34.48676509277409
103.98455100503378,36.28812725412703
81.96345447717388,43.59434432463878
128.10147441990796,65.92783169123322
178.59581162775504,100.81562050774625
197.18986589125237,103.81657164951035
247.46702684493573,111.33939695191695
214.05997331208965,117.05267938222995
202.18958128238825,96.9541463131909
152.94550687144365,93.67540652427118
168.45210874003467,80.67825549651377
153.63020734754525,74.70219009584007
260.54150751534576,122.05155043193535
107.50011313709996,48.76407621180824
51.43023288549116,18.085709609424427
212.82997430655982,118.17947540694263
100.61554590970785,36.992689959309395
272.5287840774523,144.31018839610257
264.761582426664,140.66739242850932
69.18184298205148,48.36639672049149
76.59710135351934,38.73616596115902
173.79289806166656,76.62951145009045
202.30566569233866,99.4352523725697
118.72708437056019,65.31052748508822
229.19942917484266,115.44701397242271
198.72900522971787,103.03178013671706
131.2060274371387,79.25587507748301
56.3428720105789,33.99146954957561
237.53757032462943,120.75320044762327
103.68841645627069,33.40059160592848
258.6184358656571,121.47071208628137
155.0725650135638,73.48953132484002
194.26936065794135,77.36354853442612
268.23718260225047,123.02590543645357
265.90575022998837,130.26834950302654
142.87989381089332,70.38276665843568
102.22222317871078,56.169214245791984
243.78651943214868,119.84033377556041
158.2700509005328,81.61543187922445
98.01049838975102,44.827354704084854
276.1063355792876,138.47330008517855
99.52604856027185,54.272752387653
56.45179204780777,42.95219853053446
55.06999344185499,22.388568639915366
205.57883911356606,104.23123947187233
215.41876517938258,116.40065796187322
127.76042626424598,49.48427705382082
130.00274731176586,84.97963490615425
134.8734787649857,79.22704690841232
220.03963668971966,92.90493349121043
64.53344775670715,35.98054229438797
282.2790881728314,135.49500974777453
105.63026104436162,48.841650202999695
299.918301310523,153.46416562348256
92.88067344679675,56.944332082142765
242.88661432809437,116.78457774231433
105.85313623240626,48.40208605836706
70.21170041081349,38.82751782906783
268.73333108766224,140.0862287635561
264.687814797723,122.27259368082068
150.89259811240032,92.68302807311971
225.5990356351067,106.36637454595514
189.26648317097928,104.27998398235384
263.2390284184372,136.1365607081254
128.7639923296636,70.44523538491468
180.9180999997463,84.21953583746047
171.34309280113763,68.43304421246843
138.4764565642147,69.02421330301536
272.86376613909306,136.25908170893356
91.46948116563388,36.15452150596406
87.37715988017405,52.86801185570813
194.22738383068784,96.59839753347951
214.3735574962355,99.09605212869323
98.6548135811413,55.17812023441146
147.67936056365602,79.95588029295511
286.6409607446859,136.15700098098395
111.6543556726685,68.16109716042806
217.09017552934853,130.9775273969778
235.0373484243977,106.61836925746239
162.0321748662899,79.17914776937901
284.38149668989576,145.5608463539378
234.16418380469761,139.88469420533806
164.48114496522447,74.90279965453846
192.3338004440235,86.77105533606426
223.15336085627516,102.11248895529006
198.04754510730456,111.2380084875718
269.674395956519,127.75888519592014
139.2221655701003,61.10974075787396
124.97143501395124,64.79539079392715
103.45972237381608,54.812074302747845
59.445742016148785,40.43307572920275
60.753491095013835,31.29600591757918
267.5137982773207,136.24622019826302
219.59828660147681,108.7464371449454
215.13310385912152,94.52348269429663
203.6607047337215,99.83430564322396
262.3047861735262,131.7807288159565
170.06673141640687,80.59513091129011
267.60270713957505,118.15681370354784
139.8612565455598,58.5807235951687
281.67687608477263,140.44462506343484
224.66424502031003,121.65965346920763
114.29428400610682,73.96998296428558
191.0212304221563,93.67230940787692
183.2576403720639,84.4600774789072
84.47470543258349,38.5122577309537
197.81072643765353,88.44121085688965
128.6964059292395,72.22565837773406
63.08719170240061,52.919712144992545
287.16403942664124,136.65667086977058
210.37259226607196,93.26588069141665
269.22973296771175,144.67969978375874
219.0140012533133,112.68751610844625
139.24592303502823,72.972251776469
178.17201808220287,104.96774832281098
218.93669008679427,95.80348183704348
290.0630813003594,131.08737499759064
113.41736478042412,55.09153922840601
268.74426465602943,135.00616743661965
281.01945132356735,136.9602429943771
217.60387866473914,133.40946861945338
282.8166568503344,138.30590784330795
149.4696468693421,69.22757061194892
288.25404401011065,145.3704578538666
225.69571929149373,122.5567287658804
60.501441854702975,22.996443495517532
276.7182079547632,136.8892374757318
171.11820225829814,95.55194753149415
165.08174619445822,93.08893742817534
191.61665149490858,97.9846067486828
87.34613669280698,67.8569805489485
167.29151214184964,103.45226653788103
257.78180417943645,114.82974027912084
53.87061478437884,10.015695195313672
118.22929008109283,67.0717895192
50.613646610961055,38.96047975189212
153.9278272874621,74.71632379514699
232.07887762343367,111.01748089447855
249.69295727865713,116.64357270027163
286.2974402817516,131.46860090243877
202.12615324269663,112.42650458046681
113.65671666322388,53.015408723566175
281.03698728417476,143.53650121219718
243.82893847009402,103.65641181611711
193.60712075078612,106.82627073214917
223.910053929734,117.83280924376349
281.0790887518573,127.0926523734291
228.0985071182304,116.63954177395235
142.09362689618348,71.09424704336762
228.25705057227418,109.6269760877098
60.06954068384697,1.0054971229080287
146.60389045764532,66.69865261130893
151.58075796139482,78.81469043845863
91.70955860520867,40.36912979703308
55.77137013794254,25.668734701381677
83.34530915943571,56.6402224396226
213.65537394926378,106.05260686316903
250.57220409092187,104.31810723718121
297.05087318174355,146.6769329843665
136.59087577712359,69.2893787841761
199.84480556527544,91.66885621301866
284.2862417037805,149.49060680930032
91.76044533453816,31.25793294205861
229.41139658568568,113.32828730226706
238.7446832872908,104.63475263021142
72.2438839673346,33.165064809091945
265.31234629576625,139.73747175283592
253.27626177771097,125.02133161671053
58.35075164435861,26.97484074846236
72.77110372001287,36.66325264535959
62.28172347296308,31.918536426206835
133.68588294984056,73.78046068198798
177.32224766998155,95.65928106604093
183.0869319886572,105.76042482717709
116.91668994236066,60.13451482647411
277.8992216400685,122.34236586893408
142.06569746797828,79.61233473023258
61.387538991338126,44.19201408771498
125.05677788534659,87.14533911452153
182.77735563603886,105.90573662578767
152.055455647058,71.12474372092319
118.46062977481479,61.102155162293236
82.83081244107936,38.709138755137104
254.79112502405744,123.33029326099711
299.036310531048,148.3833013571577
132.38553338097051,79.0501977118159
145.40526104415096,56.81091767696218
204.50938116923928,92.22923426072441
229.61036868388533,127.00011456760896
148.00738370089783,88.54037359118843
276.2323792454538,131.5212325395507
190.0009973072296,111.50798209666696
162.59751910148276,91.0575803838189
211.66818828997629,103.15648278453223
288.2009620622933,119.74782531123398
248.63807360542637,107.63888536603612
60.00328263378108,23.41987444079411
133.0774776849899,74.13810866209323
167.63617123780568,91.44908586438198
128.62939305227633,59.65020460706947
225.04689020761413,110.2107024501813
256.5672874656452,127.95883023340376
232.8362737963179,114.23075676865075
297.3333217070688,150.30299849022234
118.13691197325727,58.76804441914702
268.7473737561054,117.631415387133
241.65566629362155,118.75221748461809
140.54468938953653,70.04636636431924
233.53113591424216,126.66356141639619
76.01898910456174,29.696433235878025
247.33337058513808,125.70573880601809
183.08265064677565,97.16972528660386
123.07254317731329,60.052799800578434
213.94432544604504,89.42418386931007
210.40499967860225,115.30319004523724
102.37155567989993,58.657190160216
57.59935370288154,31.087410651687588
158.40564672541848,79.60612737160068
192.3779673361053,78.37473467253635
269.1513195926496,142.32222615522556
282.0541989118986,155.89105988923305
182.2013045391916,79.96319706537706
238.45087094213622,132.67562203378392
159.82581808199922,91.22748700445317
236.52053914322326,106.82831633811124
101.20038123479173,46.65875462386691
142.76618370088283,57.42871541934472
208.5569997034037,103.62711649441297
54.53949140176971,31.752921325186424
230.6153275847385,102.10298248216654
258.88387531704166,133.29996540976782
149.78541527348784,81.28396527152886
161.98560429429108,87.52758870933287
262.82055305413274,135.95530224792265
243.91365883150834,109.6719226519451
122.03737225834375,59.80394594367143
130.99402664038473,69.0205344233329
219.71955809764916,124.47003527221555
190.7995231120403,95.42441985089535
90.55739277412422,49.53410932981992
127.4824773072916,54.42097051719379
274.99581921966353,125.94896924817304
222.04360918056585,98.19108469297905
296.4935794213799,144.04410696958138
241.75313249519235,141.49707777766477
285.4936080358975,138.72604142355027
104.04714346761885,55.669835273229936
242.87121870423144,127.00658893782567
55.054380036949354,16.611898928113085
217.69000542788348,104.49393420782035
167.32056953006034,89.90443615435541
136.69001798001716,72.62828313170282
265.6010880732723,112.86059776984374
263.5669231643827,137.72756512176386
55.575426224660895,22.277809203892602
202.37628061235776,95.93996834325023
141.9580560802391,75.02768496975564
153.9152503751123,92.18698443239408
258.010184804694,127.00074613540339
127.45994288191957,75.52047359635245
285.76220265940503,128.47187365088405
94.9084565930352,48.761661755638904
215.68060584204443,102.42974886174142
218.02626675344118,111.8332032442812
113.04879035697955,53.561321150638754
131.1876522418005,52.1832119312622
258.69962314498514,120.47571794448115
240.45131373873812,103.79364607080319
132.2739700786899,53.06797274985777
183.48913673373346,96.5478121156172
65.42007406327386,30.199665733064705
102.18647059965731,53.40187940110953
171.4551397150998,103.88334467350062
71.4934338198029,32.78699897777884
260.83308872298437,136.75938369331456
229.50155252691198,115.03213138546853
285.9084176621237,170.58105415837687
223.3667264910068,81.50689431802954
285.1003430655464,135.37354877305197
188.62813892274124,100.85430920368543
200.05465276549234,92.49827242846678
294.2427636565652,152.78209740138243
210.5322867160651,104.66535142906567
57.69664221518665,37.497809487709695
230.9506941576308,104.15411877453882
276.3671730343539,139.9120096233405
248.89506244858165,129.10771352442467
195.95831815635566,99.29705066029119
217.8258782733791,110.40706398589843
297.5479473129179,160.79828271425455
72.66552212733458,19.533703598618338
216.81120715830988,109.65527548707179
120.84942364264846,48.33323049253144
210.02259914654252,112.58740894253437
201.9058939709847,92.57361116179518
88.36420802704052,19.45764743257678
101.68666143505979,58.6580048600044
205.40739451080339,100.01998431581201
82.05748682594353,44.59503957398778
116.29521878258072,72.41769841828098
258.8113869345006,133.11970432657264
131.77287650040967,67.58071908929432
172.01503906741573,85.53481574141355
285.28508378646006,131.16947705573992
106.78727220923656,51.24115752366436
147.4065043395026,93.44223795417713
201.6144438858864,97.05502964160422
238.83473237599304,117.85722959376398
275.41334667817625,150.27752226014158
278.8682468933788,124.02123683766982
244.16001859315574,128.28124980614723
107.08270914832761,37.652555376113305
56.202332510641455,32.09305342413532
145.94348258890597,72.74764681047097
85.38721274695584,48.81760798145805
227.59691185957453,103.67371222824336
215.2826467064292,102.2909925062989
60.99291040536371,37.136984735737684
259.1484447827378,124.47589722635088
112.18581657279557,63.64806089168282
158.05676887276056,81.1200825432678
216.9834338639356,104.03419935266619
157.35469671306333,75.52380657622491
160.32195069998585,80.19602366667911
66.40699883393509,31.001678276553527
150.36088731500095,82.48294119482998
241.21197330499587,116.89319335725709
278.79408429664943,133.6667328862025
153.37428426584296,85.78965894825009
155.89645671976973,73.72693671915695
225.65677658091303,107.42467208780643
285.69300027631914,117.98986212244887
116.76523505984005,47.98758384388073
160.0360516344842,71.63175103060999
248.99331088807529,119.09534951895789
202.42339234350962,93.99030400546617
77.64658599098868,48.65379448228386
206.93318389056643,95.71511550077238
96.68657114933173,41.3370218722801
177.55398351960105,90.33353373079784
182.27581691510963,80.121089658268
269.0508405562462,150.16534182659086
165.62356850310954,90.8333521631829
119.86060555897356,48.249433258408295
107.7415870540079,64.00746438567232
268.56296917108403,146.49856598074155
92.7527136045571,34.95520943309241
156.46714022078595,66.58190395280474
96.79327873173675,42.29250790688704
243.32601002859383,107.51095381684783
168.59315999365475,76.49369465259964
137.78592263920302,64.89171547241408
140.2749101566167,75.17897869207316
263.0535516807448,132.3390308718749
188.44348857360953,92.74152922145781
229.4669627828159,109.90174844215882
274.25962906267114,124.0502570317018
275.4354190101605,143.63488677290013
132.1272635844658,71.75737336047001
288.11281578659634,137.88792198338103
56.21897050365136,17.09793384058145
144.20889025404142,87.66548950229155
273.9497143772104,139.44216169947452
118.65921995424573,63.29929289037329
118.27036258032959,63.53665989716238
125.65557127047218,50.80294864942316
203.07834621173055,116.53193894603393
159.58319390358844,75.75661762235191
231.68370908833563,124.06227458345725
273.72766064116644,151.448157354851
218.54984373571517,110.08868218803958
101.11668004939388,38.743555937345775
283.17047559012553,116.65053266020541
116.12321833686963,57.67745107541543
87.47357383203953,46.23823139334531
72.49181971524023,30.438158520763924
190.8459351665414,96.77982211783987
78.44061562016296,43.52375619179205
84.69397102815769,52.2862634220252
125.00762014887415,60.21815616317498
120.41325242111596,59.75320947595735
201.0598775830356,98.74393549718225
254.1863198681704,127.42910626735369
240.3374140507231,115.03686321612292
115.62111367911919,52.63090299461476
111.32762449649499,51.113583855524475
291.44788252674186,147.2866036795659
52.05906039799003,17.556389920483646
269.93013326505394,130.45512730126288
99.93212978060124,68.05196456151471
286.821080772442,152.3745337912648
135.5768212068799,58.21759983077379
160.0879434733131,88.69070104259222
226.78015348609523,119.66399748388446
196.91726286831508,97.41943631936915
129.4848324267057,57.66268674328883
188.45772896695587,86.01372335862555
232.67672109072154,118.57676227319314
60.58373647562303,21.829531615846438
52.79982631392603,37.37212645368127
164.51673476822282,96.0664332686615
82.95915445087854,41.051532249758345
216.0860728661786,119.43084455231059
103.51311405685854,47.64106754540179
158.21277669891774,71.96287051661767
99.41773421856723,60.711618910736014
187.12089643728112,109.35911777469563
79.01336484614222,59.138262292993275
55.77671319687006,31.214907313206112
62.782909526674295,40.012558715233396
288.56461037882747,147.38847747407522
85.57155465273397,56.81956389335288
227.1195632842088,117.89262297649698
66.98155105570656,41.541613414473616
77.04008805879553,27.165859477369107
177.21906285233365,86.2979036724901
166.21773253858592,91.24522775571532
287.8950773599674,151.18726612067738
286.2088632551843,152.09346372628326
244.90216063561627,123.657626789717
200.52545753183745,93.74250873456593
163.74007934825275,81.28057433893683
139.04463358210526,69.99266043113767
286.77188674388884,145.80335145727017
200.7272028561714,90.68494715923484
194.76813192149862,94.72540010387632
107.97528044222872,53.100964126173075
61.67445447127827,8.415010648198841
286.2971449398861,151.47362028368073
128.43381471116348,65.85706692198785
160.64725583111468,82.97681662003953
78.65998589642672,34.17502983793055
259.23108247732296,135.478044993964
56.90795821398265,20.134720867656952
258.49769052477416,122.5007028200757
85.0712531969917,48.81892705591382
271.641028157788,139.3921314403345
232.44315933403934,103.44557701533674
91.16756562682627,61.35749151429349
191.45449821486702,88.14227257170204
128.16407858880487,62.75610374818904
94.55827472789586,64.74701122996746
264.79554985277707,111.79995923428766
150.88069162680733,58.37773761370727
149.63592859134562,79.23730116655798
92.471668701655,21.45046719228931
145.76641902144468,52.448274485871124
267.90421158221255,145.7036840540477
140.782177622409,66.3023551271636
287.900890624947,165.91134090544165
286.57722480209685,132.94091462051276
86.2246648268365,39.92751442471344
94.32781338066121,52.57021395211646
265.6685175829723,137.54954363323853
148.19022973117978,71.54611871070144
51.09349557075233,19.062147675951984
118.46795492634276,61.547600706584284
199.40724829888998,113.47248301120348
249.81649148999202,132.53633264072897
83.34715427331489,35.34889297355609
77.63534110418384,28.899944091298522
280.5231633930829,133.33369181944187
237.78709195564565,106.15611712416467
197.44490019451962,100.19654492053225
242.296697498982,129.28621053683383
157.2135903266596,77.89339517832578
239.61393682728163,137.00463634293598
142.95074781863394,89.22951966086387
111.02364312315059,58.58917424985951
232.25335532324215,123.1460550663879
154.91807303931708,68.45445673996406
295.34427608154874,144.0640731023826
137.37129557702525,81.40835156617811
280.4318551327665,134.42320139349883
283.24063714176987,156.49411664104946
110.46323676618653,66.3572594038416
249.55529539700333,132.29388730896525
158.26862628614128,67.40736424647424
279.38118180758704,136.5707260630903
162.53106815880972,87.70762246784614
236.07592933434154,108.18048392215047
166.74185229094945,81.47015367330874
106.95018892821405,60.9964039553834
99.83753223617157,44.237043838862824
156.3577985640864,69.71435436935673
238.87366425355373,101.42908753889508
201.2678712951917,96.76759367045277
222.15732247513583,118.81047636566929
120.58158768298561,51.56175708822783
170.35883648940137,85.35813930937775
61.09881624233175,28.307315403225203
254.38310398953016,120.5253164350846
297.4730405599687,157.11357627374323
151.71976565616774,92.28260563974283
52.740913282885835,36.41383607785995
92.44815988773684,39.26471591936127
213.13171943760472,126.4895163572618
203.0198295509648,111.52394387778305
246.966179896386,118.90951925855009
113.47100274026704,48.982237549014386
240.90797888678352,131.66438208184098
221.99600538091744,112.73569471003145
130.70362442846084,56.84416372735315
186.3720370142405,91.70492871240143
86.81845212458168,39.33725788347723
163.14112585889566,73.32997174256745
270.29933488891027,145.2955299770698
155.29784495634772,85.466164361317
259.8916766188555,138.33125308502036
197.5633413149236,107.02837459065694
97.9691782755892,39.824251690718626
195.2765611744741,91.60140786926708
176.49583228926588,102.83449137400956
149.660333799096,75.91028812393799
79.90760987901758,25.24909800246576
154.17716596180748,79.2580262568612
68.19059405990677,40.643209646634716
74.69226284968781,42.58654579854599
153.979133233179,67.61087058497311
126.34537049211593,82.0399008386335
281.3860814655559,125.68709486169041
143.92645134506762,73.07218997416793
239.46453051802504,137.09779378667335
182.56188159156068,97.19751163513479
226.02141716058387,121.37290427080548
115.0289957538498,46.98285638522354
285.47624320958226,146.20858618075985
182.52212422860597,90.89503548735351
257.8310178213124,117.61506721901256
141.26142336902836,79.28142657926381
75.05283726263113,29.33155124480887
218.4279119302122,102.20470964342083
51.93991208435612,30.295749263026543
168.82324414137707,82.97916761423839
98.2004756666148,50.79311806986753
206.84387610884053,101.3769414667219
294.85496828446304,161.55809257727194
166.1007265801615,73.8000568176946
254.37456413141666,122.5391942636482
176.94604673778025,93.28473894468239
173.96000777600602,77.10082555159282
282.60587329469445,130.98070282338847
272.4914671866704,137.62317253336656
246.4501162969936,131.89859193768558
124.06393832919603,72.01074732254057
186.25210393098513,94.04345072536539
105.97430832642125,46.265827578237364
160.97917451163494,83.24621923216004
171.05326643994766,91.18801630709754
257.9100100423327,131.57361161406908
274.00709133124826,149.34524425353789
153.65501559911945,66.68589514701006
54.4261112683093,20.243295457719025
265.4434599473386,143.67522191765656
93.56966962534017,32.05463650751744
205.47049097259838,97.34138821548419
56.242725108532795,20.805959607002784
149.87661881514106,59.29626039410084
296.49007552883745,146.3735497180096
75.17340027595077,45.04963873685992
155.92328799991057,79.5249231551663
126.78748754748804,71.3897816267648
276.27203084706605,150.05557509996277
267.3350269768388,129.81119587896418
109.4246900765572,81.1808052681659
70.29694676260779,31.694319140665563
206.78459851527938,101.26698899920278
134.09217797092742,59.96988361677594
218.02109765151576,114.46444363500461
58.02993901695362,26.10993531870706
83.34980879437236,40.88598217803622
221.59305819316083,108.7443990343208
103.09266382562444,49.26728644054348
264.39691894060036,133.78131976428594
64.64772192753387,27.82162543340062
