Engine_Size,Mileage_MPG
3.9220586161053066,19.20729112339018
1.1613009588838028,43.464807223278186
1.3790738841383758,38.945577564746095
1.027152696094359,41.63011683116359
1.6117727459017046,35.23604464735962
1.2759600348418378,39.346180097683884
4.983209471119674,12.514996912261342
2.1552398798163583,34.83300316848708
1.597072050676989,39.15937108313276
1.9639850319836718,36.15985740257031
4.744502286160539,12.917446821845362
3.0806408920975827,26.15728719018533
2.4592723852314275,30.815321571518126
4.493565831636877,13.217702786799956
2.57996108219613,29.52771013966198
2.340034279830783,31.710925128765467
1.8291300901989422,36.63329648504056
2.511187295637646,30.11101460898915
2.266737424067704,36.0764233694032
3.709215837192564,17.906648908343662
2.1583308186829084,34.242304850078135
3.3087989856902458,23.44712070119993
1.2635686601278908,39.895743283229955
1.7651566267860574,34.253595421089926
2.629621086445395,31.00171784293421
4.747797015634782,13.323306943564061
2.5090079428627816,31.59521125070513
3.6562964847993364,21.088118931243237
2.0203488896855926,33.18741925323481
1.508134303892927,37.80180247176767
1.2341464003202005,40.993760097549675
2.2216539941710054,28.21561570079248
1.6306441071876319,38.70071287764986
1.6960417920644968,41.28405129285016
4.0430372335478,18.616372225524554
1.0633522837794969,40.93132848134848
3.2312405029417377,23.82760546710756
2.517845522373859,31.272320522877465
3.026199999634189,25.273822676296252
3.2513209488584116,25.72678295181106
2.2534707778291128,31.62395234310661
2.180435440737141,35.984883407351546
3.933607397339623,21.904333093327395
4.485107952484629,13.458797044241084
1.7703265298341115,35.675340087849506
1.3904750421405958,38.831461939118554
4.591183225568104,13.25260154392769
2.3995818545895946,28.90848707316189
3.2052695626512566,22.183322130241244
2.438172578080014,32.9941345184558
1.5032093453842053,40.153899265334694
3.357326579790912,25.286428790027244
3.1005634070785186,25.056736009491193
1.8119742367647889,39.28822964586109
2.8074761786091114,27.495252617777975
4.187790016062584,18.22343221929881
3.3617044124315654,20.329120671477508
1.3876693082679794,38.43917487086047
3.1920859889165403,24.151669977520044
3.8109531971583475,19.381399346689992
4.1708136231230055,13.982493079024584
3.516470314537067,23.27599933935198
1.610632658163135,39.17215935730167
3.8406930663606427,17.786736690869027
3.7093673843260655,18.030377892748817
1.0977075317625329,39.680456496111894
2.6469906703609727,29.81507197539258
2.331800987849493,30.152385387387344
3.6776482570145737,20.31068344461066
1.8645432492436829,32.936732516645144
3.363487691897034,27.050671275826655
4.652823847256689,12.92380647827205
4.191209488834431,18.76975474777781
4.6858309448661215,13.499692109548702
4.91402386773076,10.60404894822378
1.042680508024651,41.47123128602424
3.4909651055099102,20.62179180264515
2.6513575910356257,27.888212969947542
4.439417961340487,12.469051646079095
2.007258808036527,31.708197591841895
4.924117956460305,14.779807183420267
3.454831878174989,22.919169704763974
4.174149608915323,19.53823761208553
1.3423982112910733,37.672689795599375
1.7338315390354602,33.62614050278683
4.033614692136813,15.775526040987796
1.0879460881572944,40.45228752456225
4.267511943575132,15.932904315051267
1.0557960747676458,41.25175816817085
3.6284753562450933,19.425815213065995
2.4603756809272235,30.49242457121774
3.4459794108767965,22.782936962065524
3.784125627956455,21.131547831451517
2.3699008767452168,33.98165759206334
1.4318497924433422,37.817414081435416
1.2785834709930626,42.20229341932476
3.3557440902501914,23.285922464854444
3.082621414936446,22.28439070567287
3.96880403648453,21.816109328915434
3.0389420400157485,30.233536563673393
2.6897831601235165,29.71992767511497
2.5923487129449234,29.440780225278875
1.1057876103906699,40.61088899654565
2.3422288067866286,30.334273606738154
4.904080630097977,13.188757465511218
4.494222304908355,14.011675084636813
2.3175122681368707,34.80778144939457
3.3511816202654887,23.26027186853442
4.389186982141975,14.061810756017383
2.7650973470002747,26.676620294974338
1.0718314550006038,39.937916189406174
1.2980418472745603,40.64395687461561
3.0415708853948265,23.078446207125367
4.877757502703513,9.341265011699386
3.772838168875471,22.466259900678374
1.2836647657542781,37.82158325231682
1.7574435031674511,37.66586181864042
4.0852925728674006,13.191635794059165
4.3657590398249795,17.97410176575167
3.4707783447543634,19.69330956391
3.5776926785192664,19.62567108489635
1.1133498015335386,42.453886743704345
4.314121038326034,16.027847961807826
4.153100832683318,18.56516821072307
2.0361405764133886,31.15435013017774
3.834706879862028,18.7487341424367
1.8594184256999924,33.89049617597919
1.161320644206052,38.489057250046734
1.804546170361509,36.75542555414866
1.714515507017198,38.169978837076
2.350991986939389,30.51833169440382
2.6737979887018324,31.655038688977683
3.0341555659908317,24.15535503031666
2.9070155020333126,29.74081063200758
2.0826984238611574,34.46289072862727
1.1166826742962979,38.61940423467959
3.4204064889486028,26.599796622576516
2.5829793193894175,28.447210378502607
2.194688629550199,34.85272644282731
4.467764171322049,14.549184873282874
3.986973231192639,18.85309659936255
4.431062193489769,16.353916013066463
2.979931178849844,27.852252938139255
1.52372500850711,37.1259068056962
3.7848857444850896,20.784245235996472
1.824295119748701,36.3188387394074
2.764918676366867,28.307772988443553
1.260003155795554,39.513341685976116
4.30123360969193,16.01326078885306
1.5037625641900023,41.9049809788717
4.612390028197239,12.510825070193775
4.4569224090462285,16.75779556723859
2.8583310577569843,25.894078690111197
3.9774728172159626,16.41758813762681
3.477780295272613,28.730556328045097
4.21230256935098,17.381627839170648
2.727220403143648,29.31726369743004
4.1432339369774,18.044584047849202
2.849827268260592,30.015981266984443
4.763863151371176,12.704714818266101
2.9454884033005904,28.06853651870966
2.850477087734918,25.07904674160761
4.140287446254051,18.845547504456494
4.286310767043352,15.235992747578104
3.217956457284683,25.59983330610628
1.7191912539803016,32.81623005876819
2.871032923830318,28.292095794087682
4.872290011638714,6.537887197340634
4.01194477215674,17.352610881873726
4.244650415516529,12.631693494068559
1.1313019952769605,42.21565749028537
2.8714378505366396,27.167036958058635
3.5864845346302214,19.766548916877674
4.320130734512299,18.307770213971267
1.1970946143310859,38.629910096684554
4.409755542567492,8.659567994479886
3.193603746967647,25.47844009198913
1.7892558823042397,32.15275550273819
2.2690208657988,30.117813787587913
2.127718207006243,31.9435611980715
3.1234361371539032,22.16452320337675
1.2067427196445273,39.35860307072734
1.6341446339996941,34.11627915349266
4.25077217350313,16.318588982241057
1.5304159629872442,35.29918178459767
1.9335850778325079,34.59161217490397
2.8134824224166293,29.816156029209388
3.068483552453322,27.01687712095775
4.054441918456634,17.40104326806377
2.789329706664751,25.707887709842353
4.159458484142155,17.042686358707925
3.47338522818183,20.82147992561119
1.4523989576952898,38.783055255840736
1.6253257535713543,33.56682353652316
2.7481349017990833,29.62944289827862
2.5875575723561584,29.36597254717703
3.9741770785491783,22.62361673162492
3.3229485591894075,26.02853445017019
2.552532324008997,30.712115280770135
1.6830411338015425,36.28768498217252
1.9073484093019806,33.282003998180826
3.302004073876236,25.468785999058383
2.69375521959917,27.991018660567217
3.0597100354426883,27.859048982355095
1.6827097412089347,37.33996839779909
3.651625009378263,21.60299417947342
4.410154963423868,15.907812546544978
2.0317580271476023,31.906681905944065
2.9660569033273063,24.227272285634303
4.902109316083607,8.669706574604698
2.3329669622029106,33.4312581321287
3.3801853796950447,21.0670737874027
1.3607828008009775,37.47141817720151
3.4240600099177727,23.682554174604103
1.3585270932184716,38.62768500498252
4.836941741295288,10.544877585453786
3.8626506082892456,18.165685196032197
4.152639152542825,12.127623423974702
3.8164174430865474,17.534897403379585
3.358916144305863,25.49179711931728
2.7996511243420215,26.523994802195883
4.43349351904425,10.731072435610521
4.827342670172252,9.365270160885006
2.9961446916163252,26.75055039657939
4.7261401966210475,12.870947645443096
3.33333163995407,22.74478565524474
3.1535367475857328,23.393297925144072
2.8179309318214267,24.6521605739165
1.8371510461204794,36.03916170386018
1.0148786432722368,43.55671168915769
1.966024907424245,36.84956074470973
3.0388926864142607,23.467683791305827
2.51983980903901,32.57232748850029
2.793940912010535,27.535248529386806
4.922592878256198,10.672400900759026
2.4010894826773104,32.57846821984444
2.8087317574404316,26.44823813351708
1.5340622054112782,33.39989635401172
1.1918309297479506,41.875075658407916
4.1016380583699785,17.884037021630316
3.2827327002879145,23.01758470394273
4.04281922417558,18.902508894469747
1.5994511955462065,38.858277356560734
3.2873150847307637,20.677466698030738
2.014569897365502,33.928466769871434
1.9122472676000797,30.146896645501194
1.046104056211941,41.3837811712809
1.5213628942762876,37.08361235773232
2.2370724459987814,33.08723846686423
1.4675150423637562,36.1137692018421
4.94343376164375,9.609556835146966
2.2345305940958027,25.691640848719302
1.5212957868093127,38.94464134759317
1.796329251311831,35.452566155917204
3.350812913365906,23.367979568713974
1.256174095459154,36.96374576425732
4.4497365205646275,15.19823218518899
4.845998716948589,14.537509671439738
1.9869896826695235,33.734257100891426
2.8003810743634374,28.89712922125579
1.0885378041179883,39.55045552080432
3.562840898908886,21.343560428634802
2.6557042322103555,25.69168491440082
2.080233864406223,34.934372694137146
1.827348442466434,35.70089361459932
3.6160923106350418,18.63268874326754
2.6648681241292578,27.077330653289774
1.718637156119648,36.37307509623944
3.756436325947296,21.79623942434998
3.2602891321467746,26.87674134986284
4.434688219717985,14.254243484165809
1.4699035955059716,35.51147388821346
4.142666407777824,17.335599018424997
3.694067147269036,24.017227619912415
1.4600437473123913,35.07415321085584
3.779282919486883,17.856545345527074
2.7661891555193217,29.092415444338712
4.779939142223372,12.067685132721355
1.5664454024715972,36.37839732369762
3.571333563262952,21.86955924049929
2.527920181851784,31.73172894889436
4.827258682363511,11.185257856706913
2.319899581161106,31.06878796212696
4.848743637967201,12.388099236113828
4.605943404402996,12.611423000967637
2.0815329412426253,35.632783591815254
4.214167107305711,20.340142498523015
4.982416807214024,8.354781606028482
2.0106520086851294,31.414732864950867
2.7471086772932787,28.766569059033856
3.0807229462670387,22.783207383807884
2.1797245432154573,29.95704869636927
1.061059358584119,37.413113590679366
1.8805169767901067,34.1913596905354
2.127747537367034,32.91203909540923
2.7743988052727486,26.770083579533544
1.6844099136536075,39.30538705783548
4.4930174267666905,16.68763511995871
3.8196445309253444,23.30053168064076
1.340801910238648,39.36664164995823
3.6003698045597257,23.564679680543748
3.6146259056224816,21.700698052594454
4.824884694574511,11.817687068443156
1.012083485424645,40.96855996601192
1.9917297992232288,29.53986802470388
4.711165917501262,13.585255570017884
4.728535661593132,14.479987180310989
3.8823456774825496,15.889998723543105
4.063053284190159,17.47617640211351
1.3659318317185885,41.05583968308043
3.0555033391129345,24.836975733805687
1.9263319651559976,36.97555162541656
1.724872174454469,35.920456537649514
4.24121319649333,15.019977366656837
1.5401525467221897,40.17935345210495
2.874606547985541,25.135640143835477
4.754312958344132,10.51568826959736
1.7433282222613702,34.26228245247442
4.9119736949529385,8.419019901401967
4.977151943044236,10.48885229039489
3.2224686187296117,23.194381846606102
1.6805709607086317,37.53265850716386
2.2644195517635826,28.41536291482829
2.6979713307061406,26.171133173342042
2.2372968974328917,32.20478299958961
2.122542319506063,35.959022638358924
4.888918836865431,11.645653602911596
1.6134593096629826,35.91354433299526
3.933311634867449,15.554444214299814
1.0016411577566995,40.691178641134215
3.3847306776095074,22.8371863340383
4.6637720158162095,7.9744400853841455
2.151736376372876,30.359368848521164
1.7421039010308768,34.58805686245904
3.606719179513708,20.631429349520413
3.8504056291935727,19.08808200695401
3.7521220758079252,18.761287837122328
2.277267520085496,32.793606203721865
2.0088096086373235,34.178936936962344
4.823675199848177,10.670471832204226
4.693198033079717,13.741966497238126
2.829266439571281,28.489749716450017
4.384775464617494,12.014199181567502
2.809293910537184,27.461593577385237
2.6975560722900416,30.20007248461407
1.6270517903971786,39.09856423542693
2.7056242259678913,29.096823773527444
3.149667754399228,24.33608084131339
1.0900173097147459,42.1225011107469
2.7764520207016257,29.403930696970562
4.125424873580801,17.22826490937272
3.7201842254970794,20.695734487180207
3.54062795545574,21.17537004768344
4.63822171374881,10.22065588784216
1.07212803930092,41.07424744508833
3.2281903447689366,22.82024935008744
4.149395393638828,15.45699409556329
3.165341530805069,27.544936731879762
2.2955822103215167,33.53845707288887
1.5450022603679114,34.252983735386564
4.550252287264765,11.428224149329198
2.883049569550412,26.20847935449157
4.512460787942805,12.619049236185635
3.3434084897326732,23.887568629146198
3.696768466460003,17.93868211270557
4.2170446175138,18.180706982486832
3.6366221784005375,20.81901148291205
2.592219362715751,28.58122100885164
3.054533535714604,25.53509282885162
4.2121820987035195,15.46752706334178
2.4946011854919368,25.9819053746123
2.5524858270739883,29.603965344951046
1.3827604642320046,38.296423508874845
4.65833774088699,10.82438404759857
1.364145259781767,41.28169758457903
3.5928367097942235,22.596182348432666
2.6527779152111908,33.65549009146898
2.6224775610217694,30.68983651421075
3.7182073462907357,18.96747109561356
1.2683749305195149,38.0414217986403
3.3748231318057385,22.012803742981383
4.08812714388942,15.961725617527353
4.312851031546376,15.71475847533692
1.6821215575751012,33.46543278508119
4.589676200312695,14.577163525590501
3.624584367389769,21.185717799624705
4.527419203282731,14.84557498931554
2.941122868440793,24.18272409841861
3.168133380388808,25.14831049756165
4.6761531081146845,15.189128296821796
4.599638173418687,11.48188011045007
2.792643493476008,25.883140637237524
2.097650526542727,34.64271072109271
2.5726817382570566,27.48044399086838
2.551057314118999,29.12497352073347
2.147467499931176,35.77172535853528
2.0743184173318663,31.658114877499813
4.444251745918878,17.534870230397505
1.2794476827386467,39.092855054182564
3.7104447283983766,18.074039519135287
1.6912802058258092,37.677166663638786
2.378023573576253,31.19130768064211
1.2461721365393474,40.0569834294586
2.079894547421848,31.823407099588486
4.0736842844689685,17.61143162515248
4.540061298189034,9.544248506311028
1.8861086076094682,35.34866061269379
2.8541913570356874,29.760967544086608
2.8812961917488256,23.418773070957982
4.494301223038937,13.232039783100728
4.051196211503221,15.841150679678123
3.0523088734721995,22.559420944396674
3.6829888018870935,16.43034074420478
4.389420215637467,12.52296644091599
1.0381558161021798,41.21000024040975
2.6115601242001945,31.40579310333551
4.628972669108315,9.922789627552472
3.9612521233758056,18.89876853126597
3.1713654973362986,25.06835919454364
3.1185781081405337,28.39530105502228
2.391080390417751,32.01341980545229
3.082082134566058,26.600541909532293
3.621532797853813,22.426338416605297
2.6734521537151723,26.763918739640232
3.856612585568696,18.00145426828955
4.444928909041543,16.674305052209128
1.6187393927394447,32.94848514609615
2.8061880912696977,26.185873125428156
2.6320803651403244,26.281738555153407
3.7498592161989124,20.46961435448724
1.9994698610317174,33.16102394112402
3.561003659809105,22.763911671504594
4.509956966925952,13.702353943169625
2.6725263991744908,25.527604165996728
4.64406279991688,9.847762322139925
4.972654955733914,10.20666331685052
1.4243681997918083,37.06278446719828
1.9322127519394345,33.477030278929824
4.801519005928373,13.464678796151244
4.833310745925547,12.85157938633006
1.390829101547034,42.468834868778444
1.0599940015085467,40.8873768984515
1.644400093025689,35.56250598688875
4.984051133528993,10.963968860625874
1.7199984664427475,35.118423329978064
3.0101904268880926,24.862354358843785
4.393670905722044,14.446429566359974
1.0816064427528254,44.652646369611155
3.417955929033838,24.06428417798655
2.1081017954784973,34.75282644072772
4.449339665758926,17.620991347545083
2.1338445970563167,34.734309143700116
3.7470228811276356,17.761005730708842
3.6968785297895876,22.199736489965566
1.88597419543856,36.94071615072203
1.1391967994734005,42.190155309598985
2.636998295141589,28.51312989128152
2.156772607863479,33.83848254909567
4.235910998454834,16.072232569766037
4.201456753821381,14.432169216932055
2.828095808770502,25.91596623916567
3.4260489012928756,23.999054427455558
3.4170380639477007,20.852055129572708
4.3086325937104935,13.907832163363524
2.70000965649279,29.906691668027065
2.1017867191620363,33.45328437243392
2.06013967256219,34.67326925387793
3.1447691171288166,22.383811189863096
2.7965928109288503,28.726116527440723
2.7604830839397447,26.596079030660555
1.364549356358829,37.04983717803368
3.8744149627607825,17.993990513513147
1.8549467519276428,37.88455589843381
1.7878145208348855,34.96857556342303
2.651033281109574,33.19451517569928
1.9111133664712057,30.58673685873406
3.3354330692320615,20.223979608180684
2.485853357337886,32.761543615588025
2.7956468903711604,30.786033995342184
3.1486772864161154,23.08366723429429
1.8141420899272194,35.62465051402795
1.6230064914621192,38.4403279053096
4.52168761149442,13.367747733315134
2.734894811325684,28.420575692170083
2.6483744385301566,28.834870518245125
1.142448601091366,37.89751723196349
2.991905210349573,25.37543574527938
3.2166788864440004,24.291299098721062
3.235363483818666,24.323335797666783
3.8281246772915374,15.91399036442952
1.709927339964047,37.82796907939565
2.0088925369224753,34.18784701041238
4.242921860921651,13.945852669943323
4.788682467373576,15.2886687290587
1.5437309894692826,36.9569829210081
2.990598218020873,25.511919491323155
1.8567050109583474,36.429778402715876
1.2402926734199298,43.84566088778028
2.3020133525045416,32.94597237205271
1.574750500736851,39.05421566749293
3.839732293736985,17.278897919123324
3.1349016546857777,25.094706166588118
1.5753378839612435,36.3327734759669
1.0369663536220575,43.112528867122094
4.232628196096851,17.732906022245043
1.7047776246569901,39.62823803578396
3.424866568883064,18.284383615157225
2.3476876523069823,29.9573424569115
3.3419437532601424,25.864947862422945
2.262614507929296,29.096024242700594
1.3477582427690167,40.82923612363521
1.8918000342310144,37.133600727781385
1.7522342659163024,35.925446181936664
2.7120774097585754,25.460451347618346
3.6331351337046294,20.69187957396249
2.05522429978543,36.47556827663401
1.0482797412024718,44.69179682089106
3.0757494570590276,25.80976509708316
3.4230379574358882,20.661220963083373
4.851481976007239,14.664938580040909
3.3578832123729874,24.77878005923552
2.8846902375125674,25.099458162545716
3.2936065035908153,24.336185913554495
4.711602519448109,12.900676806371447
4.3135125824065845,14.218309137648209
2.291914933455232,32.36089416178756
1.949017454628549,36.62023403921937
2.0505344494642945,33.00322600675717
3.017684158860852,28.27506491228929
3.976197804914311,14.679708422045183
3.0128768287318484,30.333519356386944
1.2711855833124504,39.94521787345976
3.8943228017599236,20.991459575527855
4.223880514683815,16.64617885559889
2.1579914604788786,31.089023082455014
3.6565029571334016,20.675223095613777
2.7063676042175735,24.530117130456897
4.556477422909771,14.924954478147448
4.38090223264296,15.340311296145963
3.101727993238569,24.80306173715496
3.766022183254378,21.377221676116253
4.5333988040884154,13.807856090479062
2.982868040313102,27.350715422060333
2.253002961955288,33.900609462117984
4.014664551638325,16.784227307902604
1.880265019138767,33.28705928210622
2.554124592024168,26.121883114301717
4.462908948427175,14.541850010238319
3.8976893610772603,19.722679688283293
2.615244020989997,26.430817035101946
1.8589780096334296,37.96893561898926
2.423873563328946,28.964340550662982
2.136416596909732,28.701667041271143
1.7043571517754157,39.35478858558133
3.9733316542626267,14.267316765929307
2.008279547400686,35.862121167561355
2.8166698806710553,28.908879996383263
2.5434377873444363,30.291605903684264
4.928309514542523,9.527973987226689
2.564368976592882,30.490642776308096
1.3199299311870192,41.53753029791295
1.359303010288336,37.153954924742365
3.3630148854122592,25.048628262660895
3.3974542069530624,24.68211536824999
2.67503596193062,29.18581448639815
2.7273747692481187,27.105052089852826
1.2157303313634849,42.145072078789674
3.066186041557049,26.487137579868655
3.0189579015214068,23.816417461439613
1.5981972742277781,36.47971018864128
1.4153575444437103,40.31524952129172
1.494289962397962,38.27484153501799
1.404112985965034,40.93906190117038
3.4388327821470392,21.806044351526893
1.7859306096116745,33.7127645386104
2.005720608749854,38.34144036122131
1.694288576605759,33.083901221660945
4.831341217794012,10.349591062844574
4.418469852607341,15.21173718054124
1.9219793494060835,36.59633298770676
2.310265175688504,32.81077733157649
1.8395713692199887,39.90594705612585
2.967503837843295,26.024772391937375
1.0784421298970144,39.62649643812283
3.685472035587183,20.076831666869637
3.0926325992705666,24.61898614713342
4.594555713204413,13.106963999784421
1.6575707373136566,34.774457855692184
4.216436984244527,17.8366162025445
4.167844057866863,17.398907955737513
1.5087247568675477,35.4024402869114
2.5942368965765104,31.182154979129084
1.6806105645780676,34.93215240940645
2.0188820018301956,31.483312980749854
2.0529846993221774,33.75077981326588
3.224945576103091,20.684748492376652
2.645643727041862,30.0138562834196
4.790931216025221,5.994869610231842
1.5054805677880205,35.89743007771856
4.894768539400795,13.992126326969462
1.9225545608570558,33.24624509479692
4.091495745527412,16.244863625368104
2.3558797046912856,33.70029247073059
1.5723255816692556,35.83566813650131
4.431556740984959,16.07442243489928
2.235443596945853,34.46482755455182
3.6354216169073688,21.873687693040857
3.2657747403465063,20.984007431299432
2.8870252375634973,25.695826381060268
2.9832778905941564,31.561016430304743
3.9289516563691502,17.58733944398365
1.3510916564937623,45.163925499202755
3.6727226478316206,24.03614692140682
4.583248405594315,14.372151833989923
1.2311527880794566,40.74524624035938
1.562613356934667,36.56944643426846
3.8665277468081256,18.88995284372807
2.7491265929784703,26.62953894312369
2.6141944832547535,28.959191326322767
1.5478665381769434,34.89267791181914
3.0270801628711523,22.951816670919133
1.506181244785509,40.55258136702535
2.9064818252421616,23.523525926103876
4.054461195846627,19.33658674021525
2.033057431548654,29.94677615575895
2.923144672718909,27.874117824299905
4.968063877587342,9.840320289015182
3.746601693416149,22.669818858277615
4.365427085220794,14.412594400473493
2.659390426242183,24.705796479719602
4.071443692503421,17.052377888199295
1.1620366917652873,41.02302759697355
1.49164473016898,37.80288687458458
1.8122823716802485,36.65195666853755
2.6078076984608782,28.008762214901527
4.382979513303052,12.409357568484369
2.385064203151722,28.920188606157776
3.6184847740618515,20.020587118446112
3.8372571792139336,18.253245333791824
3.3447294163533656,28.054409385179618
2.428967872680545,33.07846785172181
3.308213366854177,24.907711473863714
2.369062371158985,31.939526052185197
1.3354949542080483,39.91558483753989
4.971215912744057,10.840273788467
1.5087298145300436,38.25673358991991
1.2893935353442294,39.76508988211932
4.514122996828624,9.703287836269276
2.2073386435715805,31.603036305282373
3.6011878962940305,20.70989521935126
2.3160229186489314,29.973870456268457
2.5658170831778846,28.361269462119317
2.048451888067186,34.2138829298241
2.372176023172041,32.557771968523596
2.6428016023461725,29.456060105067504
3.8816642763693716,20.43157426633894
3.046144776939167,27.151057846116043
4.774260868627907,11.206501863921034
1.167521575355102,41.71044232216349
3.0122732905281127,22.409068716527738
3.3368991553268725,22.536156303667475
4.680787944297096,11.549993266690631
1.1966340944857103,43.48958084874278
3.293998339740864,24.32218786754045
4.414519714111828,12.014934124799545
1.9677109124769463,35.447480309735546
4.50516939409575,15.778211537436324
1.0761736370971673,41.211283060143394
3.929818516534919,19.941963725966254
4.732452884674612,7.1489621550381734
3.628790646560249,15.57103012865341
2.756116975921792,25.593725720030623
1.179524065890872,40.861886874123016
4.680455253290515,15.620685512892972
2.881184890766299,24.697665496104094
1.115986977343792,39.36474936467379
3.7592842853150477,20.102938498929117
2.9273490143050327,25.59657029560167
1.497381269769643,36.92256830324921
1.8570872372410383,34.300352427209106
1.257962721823385,42.565875208450954
3.297174158834294,25.85487530680189
3.488117917008037,22.141995308520936
3.0229691934217775,29.125207000465068
4.26840853201046,16.870788452052274
4.444035285232054,16.755505987220545
3.4624975867325065,20.57892616104269
1.0510259188297222,40.2844385418661
3.7809186229909426,18.423886433080522
2.6719968676814063,28.45058056026575
3.262229932905548,24.02198701093814
3.5963224080755376,21.87777535258969
2.400946457308307,34.73863807769735
4.6683940206871775,14.095404093000678
1.5358994669991248,36.68322086500769
3.6860472291241497,20.505073408895154
1.0174383198263217,44.87037781961983
4.698604421620724,13.974924312242454
1.450016532952366,41.383432063229186
1.3795369205902985,37.99833810798291
2.332030532208977,29.92043266517557
2.4942651441563224,28.651789444030577
1.8572002892915145,34.33842470339562
3.340486643708499,21.14954083079102
2.7716563921678543,28.417134986074004
1.1367023561643497,41.5311556375085
2.2786082490212025,34.4486899486725
4.241731654292682,12.545621764498527
3.7588061394474743,18.041295771495363
3.899483414319522,20.41529363450528
3.792467696334094,20.027204666750382
2.243892085532133,32.13846822851881
1.3986556883071035,41.33846217336341
2.089868736132384,31.261141705588606
4.327141200740638,13.925411608766854
4.9218831911322845,8.931910782054503
2.9753880589662454,22.171079440483325
1.0388014196921689,41.95522370929518
1.5601792485369161,36.4728608376321
2.288322301265063,30.22761997289594
3.314341394371799,21.658418592391
1.3003745832212559,39.56150994939316
4.773429194839526,10.21548741216627
2.460334693137603,30.760457510115653
4.650336871699292,13.715665361075393
4.122087211028087,16.434147030775314
4.0217490900623245,17.101071999982555
3.426878319128928,22.955955447605557
3.5071352682073784,21.885218414072437
3.5520129408649925,24.244215183789517
3.5148855481023284,22.51744669030178
3.214912925593445,26.47186859580106
4.945656073931556,11.655773413265583
3.9291622697027844,15.929865562124947
4.107785553570085,16.021185819828027
4.489851260334697,13.98499507123711
1.8625590509033967,36.8364162139647
1.3352166363802431,43.173892903835196
2.9315777463943946,25.579083767070422
3.0563227824770927,25.659929936756612
4.316727119799671,17.066005604979406
2.7751343171293428,27.683270446353475
3.283412102177251,27.020896738286915
3.1082837540538333,22.438156017144316
1.1528111350295642,42.133550750697474
3.460859586387656,23.649549817771028
4.312173143097009,17.806692251851384
1.6300021923032153,37.084085159220265
3.377326935706383,24.764426951160594
3.3744421777856575,22.506184085235617
1.656739856225435,35.14329860967134
1.493854294922944,36.15475961829744
4.92020777190594,7.755533450001637
2.57487667861215,28.518268988073096
1.9096869148941171,35.345481434961194
1.6852981778174998,36.10135038529149
3.6704068543329402,21.03267736528359
3.4377811893091152,24.967508520299752
3.57420849194967,20.37135896775125
1.352024110045809,43.86440011572414
4.574138333993748,14.917379326031162
2.557065587236193,29.149623856959984
2.2534776257214317,31.5329748057774
2.849445788990957,25.188173774518646
2.560264262990513,29.46645196630169
4.4543080125565835,10.042343633070258
4.717043900791568,14.775181144204574
2.213812865798425,26.656275473578063
4.455743229839819,14.437556108017144
4.1260925181322685,14.703281852295108
4.723230689379047,10.811797181120337
1.9830012487435513,32.9916861442065
3.3078366004839164,27.388559451052558
2.0981783389617785,31.008071877365094
4.296377961937496,17.457495394088273
1.021296762284257,44.15042956026063
3.2592766515455844,19.24893038714913
2.356813725087672,29.914784665775755
2.290734828311281,34.64303955916115
3.579625295459668,18.73345073488375
4.405937797255976,17.149049695241466
3.436781565573305,22.47001431261139
4.41269191458689,14.576270024169514
2.05838844752412,33.67187564524631
3.0780074190599245,26.061084310583517
2.802146156268304,25.671554380465082
1.0465795980123849,41.10652414959584
3.2272485725629605,24.92320824745674
3.6460972965846996,21.18499330618242
3.3676576176762802,23.75719018367869
3.945119595133686,17.001669150632747
3.2853581138123085,24.981733509068132
1.2670010194030277,40.11694319575253
1.4657820963388457,35.11234312594139
3.3858983101758096,21.850070484659568
2.0999167678945607,31.409656816226303
1.3185805161390634,37.634599684946124
2.718410973794187,27.29975194874364
3.2172903923346214,25.488620734706586
2.314983953398426,30.226543873692474
3.881734808903112,19.396237299290984
3.5750824324049786,21.521665676462
2.331273444366688,29.79170763645312
4.019490115634243,17.15444881359147
3.594780170132142,22.971457085540695
3.5497815148716083,21.901360494909305
3.213710803148272,25.387969297615932
1.0455586723542112,44.18052370898187
3.7860287339075565,20.581644237095702
2.504167164436626,26.125284950736347
4.770438840634622,12.377684707154332
4.271939084308821,14.588264462182284
3.350777878125249,26.814382195006335
2.0087279272770777,34.72871539701173
1.8148695731106663,34.286166820169576
2.3615393507101965,32.24070905320081
2.906271774320074,26.931407611373622
2.1842620401557884,29.089989051314078
3.059717981569931,27.248377709945977
1.6614817020527437,35.8970665554439
4.910851251302,13.554426575132018
1.4316982198599755,38.29755267283257
4.727776558617489,15.056374498731028
4.65431204561078,13.61529993492539
3.101441927277992,27.136711320367922
3.8996410873443375,17.81923232027964
2.7441931918903513,28.75246682597018
3.5201383101697528,18.386423950617846
2.3623037496844748,30.847496196774117
2.2046360791417814,29.39384828300363
3.312919144678055,21.21069256086936
2.9925186967359214,24.278241894623378
3.3181454765999243,24.77567805908323
2.146642325148092,32.532141129302694
2.467831327267981,30.320203400563845
1.3355918425156372,38.96608981141939
1.2091054890888229,42.48859708506339
2.013828518692065,33.8974557661098
1.296987437322183,40.12177465892529
1.4150988345389628,37.53870293803212
4.251713621575748,18.28510961472651
1.1554947880667572,43.204820269071746
3.635771175738971,20.840052687950422
2.090230995261602,32.109561978546225
4.486182722832506,10.87858554990584
2.939969138309998,24.743054032248597
2.222305837311303,27.88737317845806
3.070555742757738,23.614269017762105
2.5278320761810753,30.491283585341932
3.257204258679321,23.84156602936739
1.458131473305393,42.98148218246631
4.987962011250204,9.354190480397598
2.70222351078687,27.483948431796154
2.3929225588294747,32.9821587284218
3.8408393932650595,15.419412277388414
2.45559762598133,27.391684546990387
4.333097220115031,16.662904961590687
2.817082897441701,27.07248841452765
3.8782336530617396,18.62913870671117
1.4298128657675462,36.687194758190984
4.384476742220447,15.403726409401708
3.9428719471124394,16.840977913807624
1.8468671138478627,35.370549746611566
1.5811440389831466,35.03388056442836
2.2651693949024976,31.513850866014906
4.904282344127617,14.815479127970756
2.0273262982682345,32.931518034379074
2.824508835786533,27.140412937324175
1.1200809028693453,40.634306782107075
2.58891011826493,29.63778187056953
3.285280061732411,24.65406346550922
4.81249845003186,12.014487901098162
3.0669441797602577,26.023078245462948
4.276429304710751,15.426898793516287
3.1885105702756023,24.69249488280926
1.1631400537420724,40.26696871168832
2.260033100759096,28.295017781072993
3.302198031324413,28.84364576910844
4.802375863724498,13.037338589298452
4.436521439004933,12.549190077391437
1.9134224567153906,35.15274115504368
1.880439320076654,32.26420399422636
1.804691868455603,34.574061954029766
4.689995585210013,9.516058236068307
4.410664612406883,14.612313409464079
4.099533729011795,14.041019715645525
2.5709404568969103,30.20932213345045
3.017522817195067,27.224259624265123
2.8573269791806113,25.48742296738786
2.0135924302374906,34.2130489664982
3.020112184595068,24.079173819194637
1.1219861914110179,42.04757239725167
1.5272414939898367,36.404831950956385
4.546358384675786,15.207073172687553
4.006719068125693,14.323063814324478
2.6914736362363483,26.45825907990944
3.068601449135509,23.23355576434284
2.4799955438399097,30.566743166090717
3.96311946864269,19.405223649741654
4.136748716928318,17.467284998138826
4.053140760812637,16.556920856717497
3.8904468993377983,13.286250673413775
1.8180173547711833,35.53326575134566
2.351879916961915,32.761058832938815
2.8793817399346997,32.325963823788896
2.3231719657106225,30.5658338328937
4.019760800633316,16.511282573065298
2.3174140969998187,32.10119678657776
1.5529283471413486,37.064256336426325
2.5961618081932163,31.781452348980686
4.919657731129521,9.026360834467553
1.9035256517343035,34.27409934814351
3.4486346357729163,24.163349062361362
2.731892199358825,28.76159103039317
1.2840982705973065,42.049629178737604
2.951506423992238,25.514816505202763
3.80865731459325,22.05731048799141
3.052879903311275,22.249280026955887
4.488424254986324,10.844995337164605
2.1557480666303306,35.312095299875864
1.3449966852158597,39.25472566920263
4.7462624466320245,13.871532158703795
2.512785398112876,30.096658731315294
3.3056222058145335,23.540940536422333
4.168012504520783,13.999858245585283
2.2972546555023223,31.568283619347117
3.8646581527104447,21.805949250949944
1.5416753992713121,37.779937393972844
2.165174988822021,34.04275648090429
1.5788425445460796,38.6780075624186
4.244922233605431,14.015206097833289
1.8905969409071415,36.58948513624831
3.869614221620841,18.415628780913575
4.77319358898261,11.29514647154973
3.111088836275508,29.30667968780659
3.1601167690427507,25.91367258132103
2.844134272391248,25.969921772315598
2.303560573574571,31.700591537422877
2.9026201236996685,26.852278863119096
3.4112301290670377,26.082345276141687
4.943966288682637,10.52719085146711
4.751058237272897,16.40753140847876
4.448611833172487,11.817639939780024
4.556522142819434,13.483117350103141
2.871396733168172,25.503115250261516
3.6297773087098593,19.972124319481875
4.580266891744857,12.411621856822435
2.5718030599654123,28.002962160278948
4.847049913381875,14.683944302916242
2.663144248276732,31.53996667147117
3.4043306615728626,23.570643730345346
3.8392188530894877,18.337545385505354
4.802368052303754,10.214589496014593
1.9784650962090642,35.65589671328303
3.984523912954569,18.724110598835797
3.0832623445763288,25.044249336190198
2.0742285624825643,34.48855751474035
4.106427359185562,18.930722208336487
3.2088891206953862,24.020806974382964
3.643895282598703,19.274185913834216
2.291604274311604,29.024934471853143
2.92509580731042,27.100496890199565
3.4694170039522683,26.579155914647842
2.619643257079376,26.821527403462504
1.7934901593908052,37.85101688694168
4.8465619692612165,9.87639192721669
3.0458701601704696,24.68497564681007
3.935681481150802,20.344395111029247
2.6441887742242325,28.33597349288175
2.4205270561028653,31.132303144158037
2.6286571938685,29.428931961476728
2.636786575142599,27.557812075332393
3.1767204637678144,26.376431401697882
3.1738794799254526,24.485799786130798
2.9886152635314867,23.31405739391362
1.5391431396697524,35.901886844376776
2.9843019140021245,19.892278993063222
1.676415601682606,36.69265925088844
1.5045431451830606,40.57178776523319
4.730582869364671,10.061037389522717
3.419800052590817,23.812676095950454
3.637960232498337,21.757452908137118
2.607174681333455,27.638847498157343
4.635923567659457,15.985679771360681
3.551721958318662,21.040903453000873
4.07667947809435,21.407100934918304
2.4742498761108553,26.934643053112712
4.8400475232765015,10.741348710605504
4.28184516063326,15.444734666900604
4.415793852058174,14.592423140893246
1.688777069703017,37.92244541095243
2.083852831484878,40.12543198344678
2.1425063987343083,33.77008111719505
2.0836368929874847,33.379385341351075
4.421632648417152,12.434539765527742
1.1275391808343684,37.19947360801754
1.3043999559230972,41.905322015351395
2.095659482519615,32.14115582801166
1.7994918985977746,40.812381517709035
1.9274384555313935,36.31691559251996
